x1,x2,x3,y
-1.254598811526375,1.4203164615428774,-3.968761311640674,-13.539989840972458
4.507143064099161,-4.158600350049512,4.0255290667956665,46.35500049505448
2.3199394181140507,-3.3837128590538623,0.05252372447857123,23.723278150455045
0.986584841970366,3.985541885270793,3.2645746610774165,15.97648475484043
-3.439813595575635,1.0642905965958995,-1.7995039896938825,-10.7533365493886
-3.4400547966379733,-4.908029483833704,3.9552322849620047,22.92106793242381
-4.419163878318005,-3.9852845713396787,-1.107983212658369,4.2105949229246455
3.6617614577493516,1.6350176910805576,-4.891623485197016,-1.7807178457576671
1.0111501174320878,-4.949384161537813,4.053819764192637,37.74804671615727
2.0807257779604544,-3.3919194858250137,-4.087133232138664,7.105443198445177
-4.7941550570419755,0.48733789366586144,-1.8068636240958513,-12.809251554222714
4.699098521619943,1.918951976926932,4.5006196705080495,37.81993109397172
3.324426408004218,1.5196125950260058,4.506071469375561,36.18667331154974
-2.8766088932172384,-2.757306905394402,0.7343788812328613,11.337318076163143
-3.181750327928994,2.1217922134753584,1.3183721216979922,0.4236507808332153
-3.165954901465662,-2.6275091250319993,-0.5155447802168025,2.5433379435104433
-1.9575775704046228,-1.7460030184073227,-2.0678922830193547,-1.2023992007799287
0.24756431632237863,2.4649140511802416,-1.7133545463008404,-5.644395668067879
-0.6805498135788426,1.496328990472147,1.7251845607703844,8.836048697003612
-2.0877085980195806,3.4922341049417795,2.5237452943768,9.58113570845395
1.118528947223795,1.5761289230034334,2.915790437258485,25.156426171701025
-3.6050613934795814,0.6830860333547157,2.896181427945539,8.905297385521223
-2.0785535146478185,-4.063252321719075,-4.087938969513097,-3.3077978524461598
-1.336381567063083,-1.3228419694056646,-0.05579695297418574,9.035851734812411
-0.43930015782964027,-2.3479763231827455,-4.424412399833557,1.8381641904528188
2.8517596139301364,-2.5601035662091642,0.4952888232373551,27.89579109002731
-3.003262178416403,4.730105547524456,-0.5846949862662303,-11.064612758324575
0.14234438413611628,-1.069022753332396,3.877041827582998,26.16216508820428
0.9241456886204249,3.9204655517711338,-1.4908498744792134,-4.24478617611299
-4.5354958728000225,1.311386259972629,-3.829329835723941,-21.139652209506643
1.0754485190143832,2.948113035416484,-3.5700831794716414,-8.462914722244992
-3.294758763127085,0.0263709310519209,2.615106317174723,7.678899698018446
-4.349484070147205,0.7690388462635909,1.182180633162611,-1.1509531388034044
4.488855372533333,-0.07482306181136078,-3.9887732387720973,5.498023278905542
4.656320330745594,-3.047570122019555,-4.158931938850026,16.802656751020912
3.0839734811646107,2.2245211526150532,2.0096913145911994,24.604922910527424
-1.9538623082662934,-2.192276375591442,-4.272369936358064,-8.58245920168149
-4.023278859936161,-4.756840335685462,3.218600592903563,23.278134740956745
1.8423302651215687,1.4547229590716784,2.0624222715649623,21.021970578776433
-0.5984750626039865,-3.2288932059295106,-4.186512193581002,-3.8062559529334763
-3.7796176515522117,4.4045858435291425,-4.15162285914808,-23.708267923767927
-0.048230898887298146,4.539285770025874,4.866395785011754,21.32013899070269
-4.656114788847816,4.148643902204485,-1.257292042438797,-19.36929264936052
4.093204020787821,-1.2984129974455563,-1.293578529331091,19.321446583762995
-2.412200183999831,-4.845433834711326,3.1279956725750253,23.215013300953743
1.6252228435398202,4.283185625877254,4.472485773838587,21.433640912290628
-1.8828892391058902,-0.7181585168268567,4.860010638228708,27.080046964314157
0.20068021177810813,4.666548190436696,2.5337818525894162,15.222904945758858
0.4671027934327965,4.636199770892528,-1.2374041446908421,-5.617842887888319
-3.1514554447447294,3.5300945546736013,-4.164992833013312,-22.0485883022535
4.695846277645586,-2.055511079304143,2.7714691592743677,37.98315249039886
2.7513282336111455,-1.1490227139807474,0.58404249735805,21.91394935069774
4.394989415641891,3.5113667151685686,-0.7577799075302369,11.946327337989851
3.9482735042764876,-1.8307799484372236,4.06354385094736,40.032574274133715
0.9789997881108512,-3.305072533139075,-3.888025176938487,4.09208697874641
4.218742350231167,0.5680126245835018,-0.07374895709140894,19.563305740338784
-4.115074979480805,4.36154774160781,-4.886463552325809,-30.073260979401596
-3.040171375808548,1.9602979667497298,-0.3133935800587375,-4.395160600058327
-4.54772711089462,0.7006117008936492,-4.436967243181627,-23.270169800930486
-1.7466966923673564,-4.028235062292315,-3.8118208373192806,-4.246030625877758
-1.1132271031051797,1.1500722669916978,-3.8247375322289514,-12.092318633351407
-2.286509682261041,4.900538501042632,1.492103021160636,0.8185884874256684
3.2873750915192943,-3.59915984763476,2.4604487926542333,37.9040745156931
-1.432466733064107,0.1832965236373676,0.833687650971596,6.715646867822226
-2.1906549031261924,3.7737307192795537,4.6217254847454186,14.566140401902441
0.4269608315824849,2.407686177542044,-1.2512942047629592,2.963107567355107
-3.5907577502523735,1.9701574099526802,-2.1428791371813927,-16.622915181630795
3.0219698075403976,2.024840839871093,3.6859912818946032,30.84691325521729
-4.254493563202292,-1.4050884878024483,-2.764041614805474,-12.334717691115568
4.868869366005173,-2.0640815573550664,4.632225394406113,48.40487012753642
2.7224476929665737,3.093611554785136,-4.878455253101837,-9.060219356162932
-3.012843184658276,3.1011339467918084,4.69878826707639,9.944591419418078
-4.944778828763976,3.6707231858010374,-4.568400880494239,-33.70447125563729
3.154614284548341,4.132405525564714,3.9114311369807115,26.940926243761204
2.0685734384761716,0.11342398860937841,0.2770110908629988,17.606361705104717
2.2900716804098735,0.015162946871996041,4.9296479611930035,34.74984774204883
2.712703466859457,2.9829517896677515,-4.262034352646012,-3.598745671786431
-4.259553482659096,1.4996393077776515,0.5385428440132074,-6.946807812017681
-1.4153427145572737,2.0196687725770337,4.69302535619099,20.354576138643438
-3.841309404748703,2.95792669436101,0.23097844170148818,-8.937900235687088
3.6310342587559354,3.9000534181756628,1.2939863813526253,16.965269249722663
1.2329812682755792,-1.620048431484642,1.9574868898461713,24.863785569813533
-1.6910197514735081,-1.24417047360056,-0.4545893523222677,3.8760975529236203
-4.364416497139763,-4.06018060159131,1.2755808008406344,9.360323826666217
-1.890176782843378,0.7828014099617402,0.8431431192310024,8.149024926899276
-1.7481667797325295,-4.640577262032579,4.011580104909889,28.92919086546083
2.2960617833806403,-0.3440198186753989,-4.545536196585421,1.065464425281318
1.3755747135521315,0.4264463470757658,-2.190368104077697,2.2529453208788386
3.8721274257632654,-2.134587478717156,4.504114840765588,44.96162495361702
-0.27785074838050683,0.9083326056901075,3.902637838909163,25.843471140430715
-3.804057540616983,-4.694997500609506,-0.4434324721428702,1.2608034905420027
2.1324478722299496,-4.626518112507856,1.2013259780153671,28.861893242826078
2.6078504861689744,3.2260056065965834,-2.2261881701886734,3.620931818920143
0.6127719756949626,-1.3980935858873709,-3.118788402762387,1.7532587157240964
2.7096717995456103,-3.7293948734811524,-0.3630159506001789,24.878033089941034
-0.06204403635609257,0.2224326005480437,-1.4664777197394718,2.2951214374461064
0.2273282938199408,2.6999355309861084,0.8365611185087207,8.801537868468289
-0.7245898164145039,-2.8417897250315685,-4.222653630350152,-3.692158991365141
-4.745808732559048,1.2289047581900023,4.743948076661665,14.616120715909126
-3.9210857300669555,-4.14652535006232,4.862107444796029,26.487064975710318
-4.685708143132658,-4.483182788313923,1.9816171401974518,13.510915032170084
1.3641041126378042,0.3135463156814797,0.3609636634412041,14.085320428070334
-1.856440189236733,0.40635121610106495,-1.9047238371367223,-4.976130796604206
0.08570691164702815,1.374299014982066,3.137950197069486,19.195207117615656
4.0756647392609295,2.260913337226615,1.847311725538793,25.883318730241324
-2.5070777085112503,4.758520794625346,-3.373830606551087,-21.375566102629314
-0.8961707696437031,0.1630034830119529,4.109271844938425,24.00211781859151
2.5555113854304867,-1.7704352705875404,3.2253724292316903,38.259696011684184
-2.7120183450837754,2.9518619476870365,4.49799913291924,15.694467007914946
-4.23020090171207,-2.291677487379258,2.2571950838836,10.269485540821021
-2.1024854708623195,-0.6102857929436389,1.134151959357899,11.852150855059804
-3.387787127459956,-4.215436186577341,-0.8175696370938113,4.181081696356465
4.29697652342573,-4.746492565845425,4.3272848335401335,45.616804965772864
3.0812037956441696,4.6264841467792515,3.660638895004084,22.61702605155553
1.3340375651042349,3.359801205122059,-4.547813298938106,-14.650326752735548
3.714605901877178,1.9597420609369802,-4.73633025502748,-2.4240144044349625
3.0367207689911453,-0.9104705558573016,-1.2353663312195042,16.026474852189125
-3.134299411139642,-3.2670567992915425,3.1055333078183285,22.90622322098804
3.925589984899778,-3.4356295732891393,4.872761293149445,48.79292902140372
0.393422419156507,-2.497571018354047,-3.495831088964718,1.7538838807010138
3.0744015516406247,0.4922666470612045,0.9413071535213513,23.662711137251847
3.9609129992349317,2.145959227000623,-1.1910914336897847,8.404184190928639
-1.8199652502813612,1.6019737671773129,4.699143978146033,20.603961743602554
-3.8994807547232324,-2.2006610305405716,3.4211892313570864,17.929367110113727
-2.720648374580583,4.5486528066319405,3.383287047111379,3.316724959880203
-0.7289221137374371,2.3789691669576847,-0.3130684020502974,4.090529803084987
3.1801476592249305,0.5435405251140066,-0.851804976623348,15.723134835942215
3.6073058325634335,1.1172074623435222,-2.2659292806929376,8.693209622429903
-4.930478694688093,-0.8039993757221007,-4.436245033490729,-19.662853734370422
0.10747302577565776,-2.5226901049884254,3.6472237625505315,34.49808005311474
-0.8258899685122101,-1.4402732134873841,3.129010091300776,23.28264939675823
-2.7789218952926973,2.578461104643691,4.9971767328613055,16.991460208880422
-3.8013463266631717,-4.856065113702441,4.966368370739055,27.2548429312911
-1.6238482859637204,-3.8392735949308374,0.5543170560262745,13.324581817146028
4.4290970391251925,-4.5399735797824725,2.689874151805105,44.78740651724943
-1.7679706797924477,-4.592711976810299,4.44765729882428,29.959973457722644
0.1879062174336612,3.5546058401100726,3.4964739067741153,17.583535073616087
2.030189588951778,2.036578593800237,-2.5265189825680237,0.9560207554525322
-1.3637039762070602,-0.2582617091267476,-0.4945586468990646,5.40513655352884
4.717820827209607,-4.021658393489985,-3.70840584848505,18.030480085242488
4.624472949421111,-0.08384124883167665,4.540510272587223,44.278222324791386
-2.4821770417463584,-0.2652822921943434,1.0617463445088005,6.310986039475319
-0.02751494107614505,-3.267981300899848,-2.7135719449653726,5.059380128123028
-1.9912169018323036,-0.6614835076202699,1.7170068440585675,10.259816254413284
-2.151595056225324,-1.0149526560262654,1.1812824045789583,9.411663241540168
-4.6311305264546725,1.1585009805221649,-1.4183728196715952,-11.129283833005024
1.0956433397989684,1.3509365086764378,-3.86442407800371,-3.3586620766801056
0.0267902322886151,-4.546959902279555,1.7157319559279962,24.19288767678169
-4.485212487500107,-1.2538738537352878,0.20307700903793346,1.6036301213333088
-2.2135353576338854,1.2585991571423634,2.723183917356393,14.446206999849093
4.082658859666537,0.03136258580087681,0.20163501111993387,23.818661258324997
-2.604381093330276,3.564898411883222,3.5218150031854005,12.89791153410046
-3.551051279087769,1.5869363161894503,0.5190683877448556,-3.2983313168699313
-0.10547239722436963,-3.370655729185703,0.6093797153538629,16.373103721490917
4.856504541106007,-4.294312525995702,3.7665360265834504,44.66684228383467
-2.5794472848849956,1.4241927820631561,-0.9651713378760292,-1.4553241473070497
1.721355474058786,-4.734886894583782,-3.6598477154935924,11.303180662077667
2.6161961532871754,0.8577558127346325,-4.71217323686661,-2.8267854548950884
-2.6236245600760033,4.402302414249576,2.5513725567361902,4.089948970857241
2.2821634861185958,0.75474177875879,1.203095513534647,17.898410860380043
-1.322168672807468,-1.118300737934781,2.0407976809922355,21.324790140649753
1.3230583059357945,1.4328821844235318,-2.870358384910893,-0.1195806267327974
1.3352971076089473,-0.41747109508483327,-3.6362852441323024,0.5144821256770855
0.357746840747585,0.4561678931593498,-4.8545533433211805,-7.805775389563282
-4.097102299455917,4.414648087765251,-1.4941244119340302,-16.135082258160946
3.35302495589238,-1.1389736219922577,0.8991768685463306,26.38149763440524
-1.7921993502826417,4.611905638239142,-1.077559549002677,-10.49159643422754
-3.1348148960014575,4.053506419560637,-0.6252507797627089,-9.06952393190449
-4.592248584452361,-3.0420886521070356,4.0415869449374835,22.23782832355699
0.9089294318824184,-4.3063869912483455,-1.5174453297669963,17.960621051385917
1.7756436184228246,-3.9922199862257335,0.1398948915981082,27.05732364739117
-4.834121710721439,-4.8177817434845025,2.8365301274114305,15.456887511588043
0.12093058299281001,-4.055570392440716,-1.0345721767872984,12.356434186193507
-2.7350422480206205,1.8300677341635687,1.2208670022787347,2.766631956526644
1.4517279040944988,-4.28811351539771,3.6236370874674524,37.53740891752612
-3.2563357099500854,-1.8102436970623872,4.495206236576422,24.020688247522106
1.90937738102466,3.448753109694545,-3.5292651907096206,-8.671364098583231
-1.132646536994626,-4.767280642641741,4.265876251614944,36.25922731968061
4.367299887367345,3.1446848258893585,-0.07883706920461808,16.18116593634687
-3.6247905585400675,-2.1814522522660007,-2.4175561170104167,-7.03545377902471
-1.589336489497415,-3.8183517237834375,-0.40864243761738717,9.209915478084746
-3.8652647875941093,1.9673716536415062,4.800325752854771,10.361051997622205
4.246936182785628,1.2894284677988397,-0.07381906007130379,21.51301654039782
3.7733935338098092,3.7747201352705293,-1.712483897124918,7.0674406767655045
-2.420583722848444,2.350710438038858,1.3340085431672577,0.7929403285638763
1.59984046034179,3.034809303848485,-2.598543812218069,-4.2544300196711085
3.172222002012159,-2.179654274286935,-4.241366718913361,6.238938280376647
0.5520081159946235,-3.225604562202772,-3.7112027808935077,6.600465399394169
0.29650578356006463,2.506147516408584,-3.719541610422276,-9.520126826553287
-2.581477090995483,3.0683473926726403,-3.4809730648770563,-20.811304224076167
-4.068972321941008,4.905051420006734,-3.6117282735058986,-26.955419028031972
3.972157579533267,-0.8738232308857352,1.4087474480321465,28.753661853004516
4.004180571633304,-1.279819142072168,-3.1811991560085517,6.453610089126898
1.3310145727326796,2.764129607419968,-1.543327166761368,2.1828861032770064
-1.609702089512993,-1.5919645974698216,3.967884099060118,23.76449026222378
-1.507904253873391,4.3075732560356474,-0.2603835973712769,-2.787980933549739
2.259556788702394,3.584127518430119,1.6755773852102713,20.01063705997872
3.9711025995257714,-0.710059726249817,-3.2768012879837016,12.479352158237656
3.870864242651173,2.5087106779149737,-3.0771098119132922,3.7489547433607413
2.798755458576238,2.5454287408468232,-4.591313837335211,-7.272898272789118
