x1,x2,x3,x4,x5,x6,x7,x8,x9,x10,y
-1.254598811526375,1.4203164615428774,-3.968761311640674,-3.3106493692783543,2.072386343133986,-3.1486707116138035,2.582631959290226,-3.3295809209905016,-3.081326752812571,4.565013982994801,-27.41941067449971
4.507143064099161,-4.158600350049512,4.0255290667956665,-2.2140966096804138,-3.4746095708573863,0.4190094737835812,-4.754130835411985,-3.3238078371168234,-1.7662843788447926,2.3750835945900697,17.687996729637156
2.3199394181140507,-3.3837128590538623,0.05252372447857123,-3.229895157232532,0.7628836016681317,3.7294583587640826,-4.7787644847100275,-4.6332857306645705,-2.73343597773012,-1.4674859149793584,50.6522317644833
0.986584841970366,3.985541885270793,3.2645746610774165,-4.112974662429444,1.0671504638285594,2.322248864095612,-1.7638978085045878,2.3640201506564047,-1.4500369416806267,-2.0346441871234475,15.579461849646972
-3.439813595575635,1.0642905965958995,-1.7995039896938825,-3.793641288993992,-0.7586932869761398,3.065611478614498,-0.11356809595334205,1.638045276218051,-4.305761572539066,-1.5029677025415045,6.332956107540726
-3.4400547966379733,-4.908029483833704,3.9552322849620047,-0.3922123196727423,2.3644423562472285,1.5878336671071738,2.7040741780779323,-0.25369124250186115,0.1905979090827037,2.7465353118118188,-28.646552210881346
-4.419163878318005,-3.9852845713396787,-1.107983212658369,-2.936662815942075,4.343670147690148,1.9227656451785249,1.8329537660650521,3.441704489691972,-4.3238743640778505,1.6137061107041442,-15.849707968361587
3.6617614577493516,1.6350176910805576,-4.891623485197016,-1.3573013895192454,4.255685129067764,3.491956515653193,-0.5409729362325164,3.0567015295005326,3.003565078223616,-3.1480443213253206,99.98527277763816
1.0111501174320878,-4.949384161537813,4.053819764192637,0.03417270854856902,-0.49160628595867895,-2.5033199114081404,-2.263733337183341,0.8535436439675212,-2.6628791808956698,-3.2589066466591565,-41.912691727149586
2.0807257779604544,-3.3919194858250137,-4.087133232138664,1.9039482862936534,-3.8676195415924477,-0.10575036356859524,4.9712450015771115,3.682712805132587,0.4001191460451059,-4.016043502866027,39.57933084227157
-4.7941550570419755,0.48733789366586144,-1.8068636240958513,-4.606878601589011,4.8484119896233455,-2.7879055818039777,-0.7381869776402707,-2.9415878996323173,3.8007908756145827,1.6030271970133816,-48.737570955321594
4.699098521619943,1.918951976926932,4.5006196705080495,2.9941039890904264,3.3889808644593415,4.876680079966469,-0.486129756703245,-3.8808038060227212,1.5087736904719415,2.6437266222173594,77.00665782281574
3.324426408004218,1.5196125950260058,4.506071469375561,1.2790038949090778,-3.7533731879673313,4.440593396866133,-3.363761788083308,-2.302503884830104,0.329577865513353,-2.3495357167499598,57.31586235053909
-2.8766088932172384,-2.757306905394402,0.7343788812328613,-4.182409680511281,4.208418826173723,-4.605731886314941,2.9480954874992937,-4.429131439106851,-1.756662468846244,-4.790550389690872,-75.52850607536224
-3.181750327928994,2.1217922134753584,1.3183721216979922,3.735786241067773,3.6989636206212833,2.0557517251568846,1.9368222578148862,0.3116952800103201,-1.669980869418021,-4.178283325235727,-12.033990436195896
-3.165954901465662,-2.6275091250319993,-0.5155447802168025,4.208724005318132,0.18838057126072094,4.252483174156659,-2.792303872112396,4.366056922949614,1.6948695519819008,4.6786003484503045,31.397993801544555
-1.9575775704046228,-1.7460030184073227,-2.0678922830193547,-4.389220401451363,0.9127543574492929,-3.1942465487266647,-4.1761895438415735,-4.6065645933149035,4.941393612211675,-2.0455522252257974,-23.14619944425964
0.24756431632237863,2.4649140511802416,-1.7133545463008404,-2.2312235185279627,-1.0099729612986974,0.6794523055262944,1.8049930207471307,-3.778900859899732,1.618391898493786,2.692231478381336,27.244218055608567
-0.6805498135788426,1.496328990472147,1.7251845607703844,3.0620127979306133,-4.452383611779687,4.154882975880419,1.5451121428113526,-0.478009717165647,0.577834173700249,1.2466356885426375,38.49147216657209
-2.0877085980195806,3.4922341049417795,2.5237452943768,2.4825969038365834,-1.6480275835409905,-4.660540214142012,-2.2674047300179065,4.338750175279049,2.306505102392461,-1.1806036034710408,-67.78112375694586
1.118528947223795,1.5761289230034334,2.915790437258485,-3.1547898064362268,3.0285344859801135,1.9742026724683992,4.508635622504103,-1.838438950232495,-0.3479438771628187,-2.9431273780444487,18.401385670980623
-3.6050613934795814,0.6830860333547157,2.896181427945539,-2.906506766632897,-4.953679769953972,-2.0265099262744926,-3.4894210821909977,0.07234808688392391,-4.398576573992148,-3.7861358184059357,-76.16644598875811
-2.0785535146478185,-4.063252321719075,-4.087938969513097,-1.2952789720861801,-1.6650082830885582,4.243961953765304,-0.6766519895739807,-4.584271409496079,0.6229681587790985,1.150129680388666,54.96306805136983
-1.336381567063083,-1.3228419694056646,-0.05579695297418574,-0.15477014808978673,-1.0183130640905667,4.7105824516536785,4.436159201675988,-3.5165679903791114,4.576252845053801,2.7463378063778796,56.82571881577034
-0.43930015782964027,-2.3479763231827455,-4.424412399833557,1.1825477153029595,0.37395602937922856,4.4426648911343385,-0.8027268307387772,4.866301229588469,-3.2469705764234034,1.439042535411307,52.61686022763446
2.8517596139301364,-2.5601035662091642,0.4952888232373551,-1.310863604302276,4.198556164127606,-0.25785783342536206,1.3852594766408552,4.6511869643604555,1.9000489082066574,0.3030213324915829,30.10005829031339
-3.003262178416403,4.730105547524456,-0.5846949862662303,-0.3746528386685206,-1.5365400563403875,3.620426509893134,-1.0240560203720572,-4.950600190655904,-2.9906631134094352,-4.580487765683637,9.629323965263172
0.14234438413611628,-1.069022753332396,3.877041827582998,2.474709381337565,-1.5304679810377229,3.445493985350703,-2.2578479765132995,4.51811785423239,0.35827684473081245,4.684887775943839,20.27924521257428
0.9241456886204249,3.9204655517711338,-1.4908498744792134,-4.6331679710940215,2.3750124810974835,-1.8089952675674437,4.839776479598282,1.3911993781550036,-4.033235503532804,2.9871419165457453,-9.218060049238057
-4.5354958728000225,1.311386259972629,-3.829329835723941,-2.4756305565597927,-0.47782059110192865,3.289154741506774,-0.9066599368495698,3.679182945200221,-0.4962906374181486,-2.071779632990353,21.6990793868162
1.0754485190143832,2.948113035416484,-3.5700831794716414,2.1334958588455244,-2.7539517706001804,-4.629923652845074,3.9409920367913447,-0.4526014436614094,2.5616332889524607,4.799703293588507,-7.579511094792165
-3.294758763127085,0.0263709310519209,2.615106317174723,3.9520683768719937,-0.4756048386730658,0.96269878482053,-2.700453941089138,0.15596028579250287,-1.5242847576101792,1.018815896363221,-28.78982137859716
-4.349484070147205,0.7690388462635909,1.182180633162611,0.11677442115666103,-3.5914297962020014,-2.6999116271229697,-2.868952959749167,-0.11153419743079773,1.6491172448721798,0.8242265820724644,-55.73209138426232
4.488855372533333,-0.07482306181136078,-3.9887732387720973,0.3211348526531568,-3.236130134937767,-3.794331142227212,-4.688659171154886,1.6686425754610434,2.954499607897292,2.4807317942953215,34.29931350574192
4.656320330745594,-3.047570122019555,-4.158931938850026,-3.9282798866022395,-0.016322272605203025,-4.230467983707909,1.5166682537588505,-3.603487452436871,4.271778194794527,3.1176978809013747,34.55423222033061
3.0839734811646107,2.2245211526150532,2.0096913145911994,-0.5258763317654536,-0.8107455049545207,1.962887758781397,-1.3147365627623886,-4.700264101273221,-2.6535791814454646,1.5647860733150267,31.52015061687286
-1.9538623082662934,-2.192276375591442,-4.272369936358064,0.3261726645502314,4.148459010681,-1.6012503623193384,3.64358249839637,-1.9207005840880909,-1.0068408419069188,-3.7190425363379997,-12.002106757034964
-4.023278859936161,-4.756840335685462,3.218600592903563,-2.5752949636527034,-1.3760610088336689,2.2476677152876148,-0.2679009330844284,2.0468076273664675,-3.475839866695826,-1.617324940055016,-32.32476421245507
1.8423302651215687,1.4547229590716784,2.0624222715649623,-2.3075676905061906,0.8058835027804347,-4.346436592010576,4.681934279147217,-2.9814654787705166,4.9248350215837515,4.280836403260498,-20.881891623527146
-0.5984750626039865,-3.2288932059295106,-4.186512193581002,-1.2271583689537735,1.3226428791953033,-1.8470966216938969,-3.1447448429687883,1.7343243332491731,4.270009679242953,-2.7538438815614805,4.722801533158773
-3.7796176515522117,4.4045858435291425,-4.15162285914808,-4.799288022222736,-4.869055434116664,0.39491292375337217,3.6862316795561085,4.699120461072704,0.3995713028055956,-1.2783297616248666,2.541354949346383
-0.048230898887298146,4.539285770025874,4.866395785011754,-1.7792083441682172,1.635373720167106,2.9072316483896357,2.7659685279174173,-4.060992842105816,3.420332943764212,-0.6792311705580403,23.25309055434007
-4.656114788847816,4.148643902204485,-1.257292042438797,-2.8855199300345538,-3.219640331302486,-1.8124749706793009,2.70921844644052,1.7260211822512623,0.2095797727204216,-0.6059501030554779,-49.67876448856281
4.093204020787821,-1.2984129974455563,-1.293578529331091,-1.7250264782208538,4.610703174694551,1.2589137643700905,3.4478322811688766,-0.5624978069542887,1.2358568800275975,1.129395824945255,56.84667281438317
-2.412200183999831,-4.845433834711326,3.1279956725750253,-3.802378681807488,-3.5133727224688704,3.8597774823618707,2.610239909429989,3.681422543775053,-4.108755678839834,4.430758377447075,-1.6180253787864936
1.6252228435398202,4.283185625877254,4.472485773838587,3.9052728073989496,-0.8537587627297629,1.1586318818230454,1.2622032163141537,-3.228502105526141,2.5527042049680793,-2.59307288167495,22.351909659688197
-1.8828892391058902,-0.7181585168268567,4.860010638228708,0.9359245355404866,-4.146503319213561,-2.670405252463662,-3.6875512231761243,1.9262595222616454,-3.7228651636476515,-3.7849862369908194,-72.7729559547263
0.20068021177810813,4.666548190436696,2.5337818525894162,1.7910231914448964,4.968742518459473,-4.75599218443462,-4.674738205087481,3.381152896481103,3.260676302525283,-3.025295101400627,-47.71973906042291
0.4671027934327965,4.636199770892528,-1.2374041446908421,2.891712386073383,0.02195010331242564,3.700988739009299,4.208478478156868,4.446142194740233,2.820280876703859,3.8692490020926957,61.35387127040855
-3.1514554447447294,3.5300945546736013,-4.164992833013312,-0.015578010709427659,0.9538501732004381,-4.787305891496128,1.1665031452073809,1.8324802828964586,2.0874469774297646,1.4581081265520606,-36.40218187323202
4.695846277645586,-2.055511079304143,2.7714691592743677,-4.130797119125763,-4.329235226115725,3.747016726841995,2.965372909761763,-0.02825235991572672,-4.638396194752379,-2.140932107608399,50.34353996643886
2.7513282336111455,-1.1490227139807474,0.58404249735805,0.371065418185478,2.4996047039917784,0.28937134027211986,-0.18477648487449905,1.1784724020121384,-1.968716440546714,3.1594693896861727,18.481879006300254
4.394989415641891,3.5113667151685686,-0.7577799075302369,0.868411180208791,-2.9009440690441424,4.390676985128962,-3.826918110376055,3.6890498447871813,-2.368874300891571,3.6136999636343603,80.2811568889313
3.9482735042764876,-1.8307799484372236,4.06354385094736,2.4543947418433003,3.9805428944071366,2.9878323577366537,-3.748142077974496,0.7060974663882966,-1.3986359252848093,3.4651433869027812,38.47791250887325
0.9789997881108512,-3.305072533139075,-3.888025176938487,-0.6834045377032059,-2.9486035951799283,4.979341105333376,1.8556528722897134,-4.696129403031631,-4.123572532361615,4.189265336395545,71.81628574407017
4.218742350231167,0.5680126245835018,-0.07374895709140894,-3.7241969720443624,-3.0931227933633343,-1.4928818454828985,-0.6969410510053731,4.309486955069778,4.369578230310628,-2.477589798266384,41.29240684595944
-4.115074979480805,4.36154774160781,-4.886463552325809,-2.1622409420127555,-4.634503321519051,2.671882889311269,-2.994752732996633,1.8952675103156116,0.5380224071237629,2.550419287462783,27.105079048603933
-3.040171375808548,1.9602979667497298,-0.3133935800587375,-1.369177036013649,-0.27933054890000797,-0.9806908639075784,-0.08405453258563078,1.7651338577724651,-1.9447568934197648,-0.39460502725860014,-34.29174636807369
-4.54772711089462,0.7006117008936492,-4.436967243181627,1.4591724133160122,0.6484113326261642,-0.20124379696091133,-4.357910629248659,-2.8432484760228283,-1.0301848292571658,3.4199855289006145,-14.37938689117697
-1.7466966923673564,-4.028235062292315,-3.8118208373192806,0.7077830466891193,-4.342913605716476,1.2750546321837009,0.819714019143988,1.5888547023265716,-0.5279745949516439,2.284906771616132,17.19833107590666
-1.1132271031051797,1.1500722669916978,-3.8247375322289514,-1.4390327410215376,2.7552761669501056,3.7367711418633878,-2.3100659556490233,-1.0613559434584152,1.0059433336061732,2.764474464997246,58.21138560870708
-2.286509682261041,4.900538501042632,1.492103021160636,4.865152487929796,-0.46711165251972364,4.840834691992951,2.9755910063718813,1.5123297704149206,0.15679427696497772,1.5616183768107152,29.590677260784943
3.2873750915192943,-3.59915984763476,2.4604487926542333,1.0577481935688713,0.2439026932758006,2.6827341386451824,-1.8963804107642623,-3.934069696920093,4.193919732144174,-3.225712305302931,57.13686786695317
-1.432466733064107,0.1832965236373676,0.833687650971596,-2.627732082640055,-0.5923725306177188,-0.8223321783266622,-0.4477985091819878,1.5784530460303605,-0.030365170941697883,0.45026918896938284,-9.671564905551698
-2.1906549031261924,3.7737307192795537,4.6217254847454186,-3.9821752737959626,-0.99236939124674,-0.7864299772292984,-4.883794600918994,4.994137257706665,4.921580148233126,4.846697395245082,-27.739011862170376
0.4269608315824849,2.407686177542044,-1.2512942047629592,-3.47140860815668,0.5964033130821793,2.3758230158889146,-4.275531122054411,-4.51787961139444,3.5142495774509577,4.373880664971189,47.7373997831283
-3.5907577502523735,1.9701574099526802,-2.1428791371813927,-2.540422716154919,-3.447597540692875,-2.6122285423169767,-1.075064435933152,4.7717418422131725,-2.914894856426642,-4.568262642029883,-50.16362849749363
3.0219698075403976,2.024840839871093,3.6859912818946032,-3.3931862674044435,-3.1807186950472888,-3.8952588686860534,-0.2006116528287647,-0.9309203927712941,4.305952146439163,-3.3518518427056287,-11.793835305761245
-4.254493563202292,-1.4050884878024483,-2.764041614805474,-3.1343297594869424,3.617856210135173,-1.4537784235922349,1.0002054811930368,3.7075345033725924,-3.836336021145239,-3.6827122654543807,-43.363141070959294
4.868869366005173,-2.0640815573550664,4.632225394406113,-2.149048313061529,4.461154621336327,-2.1276100834591825,-2.0833742129069677,2.823854840582735,3.1744970849119163,2.2597990998529554,3.1256806246184485
2.7224476929665737,3.093611554785136,-4.878455253101837,-3.2662640470524518,-1.2669068372024705,-2.036918795440099,1.9498188612654257,0.6701626098666775,-1.1937670652341992,3.1778532985694508,31.099880313177245
-3.012843184658276,3.1011339467918084,4.69878826707639,3.9676542462642512,-2.292553268564462,-2.6639224895009006,3.601223971892045,2.3844920925132653,3.7797432044506944,-2.8648863368932806,-59.15119686463041
-4.944778828763976,3.6707231858010374,-4.568400880494239,-4.1976625433835775,1.4399954323901571,-4.579068103636381,2.7985098889334985,3.7851556130134796,3.680566901074503,0.058526929518290416,-41.278687062229515
3.154614284548341,4.132405525564714,3.9114311369807115,0.2451138957025467,-0.9126582890190358,-4.8212606526658615,-4.6038117465164285,-0.9585967834896705,3.059254001176212,3.407030280112,-23.923223459399896
2.0685734384761716,0.11342398860937841,0.2770110908629988,-0.8960317301033847,-4.746136443396551,4.877223897360315,-0.19493052742171102,-1.729668384367613,2.900304363070614,2.328015447662506,77.87691643773897
2.2900716804098735,0.015162946871996041,4.9296479611930035,4.823786169086064,-3.4384740263380964,-0.7222686626413761,-3.9506982158182513,1.6759338556358472,-1.9532086090195921,0.4223720549184833,-9.956567355689712
2.712703466859457,2.9829517896677515,-4.262034352646012,-3.8796109783194765,2.1597222884739757,-1.1567335284031834,-2.5795498413747255,3.078459419412585,-4.190807169487478,0.9034769045877287,23.164117933985256
-4.259553482659096,1.4996393077776515,0.5385428440132074,-1.0214440095425834,1.5892394191015136,1.7964728269306987,4.8666259326714645,2.622851347766158,-0.9701982123483859,0.08360546916279965,-14.241777827383444
-1.4153427145572737,2.0196687725770337,4.69302535619099,4.694704332753689,-4.729040074965165,-2.8174611213493583,-3.5750445709848675,2.978136488586345,-3.2647548501349135,-2.0245154868117945,-65.79344507302187
-3.841309404748703,2.95792669436101,0.23097844170148818,3.6550712589398024,-2.780278380670506,4.499611839502254,-0.011118465486439355,-0.6441668518706702,1.9495108890246176,0.6502199285901611,23.011022623758933
3.6310342587559354,3.9000534181756628,1.2939863813526253,3.1707207094928,-2.689252034119286,2.8634501441555207,1.1815573431811908,3.1783421617502157,-1.5390027346221444,1.8888530205009069,51.124291408676015
1.2329812682755792,-1.620048431484642,1.9574868898461713,-2.420971729550602,1.7189274359872844,-4.105889976877405,2.024649705441039,-3.7979094462939154,4.756102008599148,3.7332291586080775,-17.934388298924755
-1.6910197514735081,-1.24417047360056,-0.4545893523222677,-3.2911241260993416,-4.802894622456359,-0.8241922421507164,0.5964868348691414,0.44489097960849566,1.4097207734533201,1.3629135397924808,-10.561958662298164
-4.364416497139763,-4.06018060159131,1.2755808008406344,1.6864321992443099,-3.9589141801542613,3.791183075621646,-4.902291525808163,-4.942413395018784,3.224805636343609,2.61121537043158,11.206841190674924
-1.890176782843378,0.7828014099617402,0.8431431192310024,4.293759891275858,2.999160853731894,4.447320222914103,-1.7353869175600813,-1.7541417009972973,-3.6747532725815155,-3.39928365045427,15.603134677624583
-1.7481667797325295,-4.640577262032579,4.011580104909889,0.567628930139298,-3.214553379456664,-0.3259848875013027,0.1771164338471145,-1.335384651286021,3.6201448227262247,-0.3844252558021015,-20.027130702946067
2.2960617833806403,-0.3440198186753989,-4.545536196585421,0.7161268946989985,1.5274610785187468,1.1341138921070772,-4.121335008551666,-1.038273083907446,4.227571905133944,-4.906683801729067,74.78439284652424
1.3755747135521315,0.4264463470757658,-2.190368104077697,-2.2002090633971583,-2.618172189532735,-3.3296605390792475,-1.4937306879081924,1.9546720668986222,-0.1293808118106412,-2.53321135478377,-10.512544006335853
3.8721274257632654,-2.134587478717156,4.504114840765588,2.6949293319193686,-4.005586072406548,4.911686261369766,-4.667968912086335,-1.1144189872965429,1.0625293775097742,2.2646171511300484,66.73726573150097
-0.27785074838050683,0.9083326056901075,3.902637838909163,-3.1295625144247663,-2.5682780900054594,-2.6832829861655663,-4.214215028449793,-0.513063773774693,2.6480980090299546,4.918099513493635,-30.411762126577297
-3.804057540616983,-4.694997500609506,-0.4434324721428702,-1.7632076359575635,2.2226693185565916,4.427317741351256,-1.0307672379840396,-2.624558691256725,-3.2516137273958745,-4.008219004127841,9.227973120032319
2.1324478722299496,-4.626518112507856,1.2013259780153671,-0.745635613835832,3.5569646810628583,1.4964664899236846,-3.6728424595693965,-1.2674820837065992,0.02566076463442446,-0.9850568413871175,30.597608153501376
2.6078504861689744,3.2260056065965834,-2.2261881701886734,0.07610378684455021,3.3021986456699164,1.0773679487885914,0.6754084826155813,-2.7273037273684855,-1.013369722276869,3.000709686991595,42.44798431221494
0.6127719756949626,-1.3980935858873709,-3.118788402762387,-2.5759026758491976,-1.0281647038154516,0.12688511016508564,1.8946496913726572,-4.268040762315564,-3.536260078377509,-2.9596436537110113,17.41718096555038
2.7096717995456103,-3.7293948734811524,-0.3630159506001789,-3.8516317526079646,1.6808513657064612,-2.6933018828224133,3.005866991090828,1.0344859338137793,-1.3246557770846854,0.5508494930228629,-4.001123776908733
-0.06204403635609257,0.2224326005480437,-1.4664777197394718,1.1062004244163255,-2.9501570458417903,-3.2347196799449174,-2.9984975575518993,1.6821279855501627,-4.318276906145064,2.330712960296748,-29.860811242832323
0.2273282938199408,2.6999355309861084,0.8365611185087207,-2.1136944675974423,-2.0685226973898674,-2.7951379092982465,-3.3251741774093024,1.1949034600961452,-4.74188093050513,1.1598545026017906,-35.65149958565652
-0.7245898164145039,-2.8417897250315685,-4.222653630350152,0.8123822142261226,3.963358185211197,-3.1356173785574546,-3.9543215966559977,-0.36505956199427647,-3.6483371084517726,-3.119752653845839,-16.318270194949285
-4.745808732559048,1.2289047581900023,4.743948076661665,-3.4563728472579767,-4.86998076489264,2.795844735667533,1.364302495436367,-1.202142198207702,4.631151115891738,-1.446154313142606,-12.25519472116194
-3.9210857300669555,-4.14652535006232,4.862107444796029,-0.1885989814518254,-4.14491469145532,-1.498747408332699,2.0647572648690113,3.633336495718252,0.49529535895016963,2.8379178448539726,-62.78621906250929
-4.685708143132658,-4.483182788313923,1.9816171401974518,0.3258943255158586,-2.921137448539727,-4.421573234366036,-4.68413855174358,0.19081785136218077,4.6582216115322,0.5422651413201667,-72.49590945098251
1.3641041126378042,0.3135463156814797,0.3609636634412041,-4.4817646317757305,-4.734677961261803,4.6910263014081135,4.362122462436899,-0.20818122370268988,-0.6750212166986804,-4.947703864570872,57.95740480276137
-1.856440189236733,0.40635121610106495,-1.9047238371367223,-1.633957218060794,-3.185645649102027,3.837858849634257,-4.480287163485276,-4.743579341935643,-1.8818386691474043,2.6099076002809385,34.74079748650267
0.08570691164702815,1.374299014982066,3.137950197069486,-3.6558532306102576,0.8304156096969217,4.27752283195213,0.41296335301070464,-1.5875217237384365,0.061418628402440945,-4.646886450597609,31.09370799312954
4.0756647392609295,2.260913337226615,1.847311725538793,-4.366250295272323,-0.7857544940750207,4.949078226464353,2.0906051945091644,-1.1980438121414294,-0.6048831136708985,2.4573378273123216,77.49017266543949
-2.5070777085112503,4.758520794625346,-3.373830606551087,4.899602323899453,3.926717110769749,-3.2610475078051273,3.7096912374608557,-1.0117721910309951,-3.943353157382561,-2.975194398347626,-38.32911957654864
-0.8961707696437031,0.1630034830119529,4.109271844938425,-1.7764615502527703,3.1744356173844093,-1.0375798109734125,2.1408693213242778,0.8017236922733231,1.408263146902062,4.5807348011938025,-31.664469164228795
2.5555113854304867,-1.7704352705875404,3.2253724292316903,3.0987444585463493,-1.5818264830212403,2.582384757040913,3.017280830697919,0.3360254672687848,-2.839618174904004,-1.3205924869791552,30.38973788382409
-2.7120183450837754,2.9518619476870365,4.49799913291924,-2.4535934523623615,-2.405765665687075,1.9602061805379218,-1.6054980745719396,1.0790509279344462,1.1958795489782954,-1.730683836619209,-12.035067904849669
-4.23020090171207,-2.291677487379258,2.2571950838836,1.8150272222392925,-1.2030759183273307,-3.4610409366014494,3.148251137465122,2.6488326154212825,1.5020109239815334,-3.511119496675553,-71.29252220327697
-2.1024854708623195,-0.6102857929436389,1.134151959357899,2.6022785988968655,0.9029494251480772,3.158331249906178,-4.198851536153248,3.1298573871609356,-3.479751468713519,-1.9439578450978514,-4.002210392583125
-3.387787127459956,-4.215436186577341,-0.8175696370938113,0.9563874060784432,-2.3193635917712374,-2.7555942816333934,3.9481665606052765,2.181230762264944,-4.386503728893318,3.766507618282006,-59.8052392021551
4.29697652342573,-4.746492565845425,4.3272848335401335,-0.2842381144984163,1.2414890784913402,-2.7618238517737694,0.4759237615373628,4.555236959549347,2.8076158606843986,4.963343376272473,1.8032607191549106
3.0812037956441696,4.6264841467792515,3.660638895004084,-0.8815908585273142,-0.9058834780875955,0.3697442289341355,3.172977699624937,-4.817674173236384,-0.40199576230679845,-1.3169046949315169,15.332844894400573
1.3340375651042349,3.359801205122059,-4.547813298938106,-1.5113173345700472,0.5204718085198028,0.9293993484170313,-0.4768171548169988,-3.0422201431645393,-4.418362044945242,-0.5138936904545748,32.00698432148368
3.714605901877178,1.9597420609369802,-4.73633025502748,4.295291442478259,-0.6387347086468331,0.8008620783781115,1.4357769519652495,-4.924371250218579,4.948663171697671,2.220709382027371,81.9163966795968
3.0367207689911453,-0.9104705558573016,-1.2353663312195042,3.306194077877292,-2.0553424045808235,-4.085131626022451,0.26402660936113165,1.4747471415460298,-4.422194390036333,3.8619578046507446,-14.942742086833515
-3.134299411139642,-3.2670567992915425,3.1055333078183285,4.650269106665126,4.484533069621566,3.774608626303804,2.3158952175533187,3.9803054894998695,1.950352288585532,0.9304433418678411,8.533976148742372
3.925589984899778,-3.4356295732891393,4.872761293149445,-3.757027765144553,2.636057941597608,-2.3439995741129396,-4.183700179694104,-2.5651770342370073,4.836789252634135,-1.0847430182217064,0.7256882654093839
0.393422419156507,-2.497571018354047,-3.495831088964718,2.308674752036443,-3.5988682423354748,-3.7048507871719583,-4.396479160094362,4.2703454479630665,-2.608198957840744,-0.8737815915137626,-21.025993763199246
3.0744015516406247,0.4922666470612045,0.9413071535213513,4.383404568210379,3.6846797589791276,3.887480798689772,-2.5289676598985356,-4.397326097104392,-3.5775063131280382,1.9561814649680684,52.42887418955419
3.9609129992349317,2.145959227000623,-1.1910914336897847,-3.1876693383433983,-0.12568801750486358,4.556514982297534,-3.4045531988681166,4.3443602680551425,-3.786150605775711,-4.967817363957213,72.12482033531128
-1.8199652502813612,1.6019737671773129,4.699143978146033,-4.335037326332225,3.9455222689409144,3.6212761726545057,3.717835665922017,-1.4837731276036559,-1.9672485243240443,1.1958933745984073,1.9529174183078162
-3.8994807547232324,-2.2006610305405716,3.4211892313570864,2.4112064929005905,2.9985525594731524,3.09516074724878,-2.807860126419557,-3.985791715507835,-3.989541889893533,-1.445069895586426,-25.946392051016826
-2.720648374580583,4.5486528066319405,3.383287047111379,0.744731131799119,-0.7478649553076657,1.5524198063902173,4.758652558191313,-0.14128240813674342,1.9216134169413195,2.941973312770843,-6.749312050168895
-0.7289221137374371,2.3789691669576847,-0.3130684020502974,3.4182877675827203,-4.775306916798826,0.5085737060913935,-1.6310420822889315,-2.432234322794921,-4.377082018699373,-4.070093601768678,-1.7061479840665417
3.1801476592249305,0.5435405251140066,-0.851804976623348,-3.602276233737105,-2.313226406150539,-4.130132400885898,-3.178820843113007,-2.1512709803807715,0.0942212814978971,0.8820226694839048,-2.9583594797391366
3.6073058325634335,1.1172074623435222,-2.2659292806929376,2.952673118598902,0.4163421466086694,-0.9154678692930132,2.8969850714247913,-1.9271003507371343,4.966968538529768,-0.19027110113876233,50.559748389892164
-4.930478694688093,-0.8039993757221007,-4.436245033490729,-2.9837267995225547,1.3347821982614727,-1.2731148298768602,1.5870777550087611,3.030258978326634,3.1397026950601887,1.423255259052274,-15.060563378029832
0.10747302577565776,-2.5226901049884254,3.6472237625505315,-3.363440571342955,-2.421123145667977,-2.4024621623967377,-0.018042835468610186,0.3916127667525444,1.1521943823101086,-4.351464055170316,-34.178321856099956
-0.8258899685122101,-1.4402732134873841,3.129010091300776,-3.3573420206900706,-3.6064392592717587,2.234201136885849,0.5536355093763126,-1.8869230084399637,-1.937463792133883,0.7998378742813124,-2.7657735495129767
-2.7789218952926973,2.578461104643691,4.9971767328613055,3.145747202313821,3.3493023679929905,-0.04124264921229148,2.1920177827226386,1.1033378331091832,1.2389583629163852,0.6148458795952374,-37.73157869330279
-3.8013463266631717,-4.856065113702441,4.966368370739055,1.651972206962001,4.844021807035521,-4.189537840923521,-2.7154525866870127,2.1615067422319356,0.27041463911651675,0.6066009441617091,-96.87033432130313
-1.6238482859637204,-3.8392735949308374,0.5543170560262745,0.23065424769119325,0.25690182302685827,-2.7981679805018866,4.963339160567418,-2.2737599926646626,-0.7391661610962856,1.034876665964548,-36.958344421690704
4.4290970391251925,-4.5399735797824725,2.689874151805105,-1.4116951587649753,-3.2832071415169652,1.8325876365959592,4.747931621467831,-0.8645089847464851,-3.692896232598005,1.7646793722636218,33.628622590017414
-1.7679706797924477,-4.592711976810299,4.44765729882428,3.7720054081310828,-2.2769267348063105,-4.238691405096998,1.5032568634693693,-3.7811390666305247,3.866042152404667,3.049889996807698,-60.09620692164257
0.1879062174336612,3.5546058401100726,3.4964739067741153,-1.0755489257736461,-4.816093234525333,3.5120691404876876,-3.0045754907085485,-3.188506504653197,-0.5021535117867746,-2.3017927987178566,24.591289186981463
2.030189588951778,2.036578593800237,-2.5265189825680237,3.1659943947157707,4.142988065604991,-0.04853472986025675,1.8022824243129136,1.811178539649828,-3.053774881792349,3.250494101800621,23.802863656627054
-1.3637039762070602,-0.2582617091267476,-0.4945586468990646,-0.608650914297816,-3.8224891710985887,-0.19413422673352,-4.278015910208241,-3.1856165230437306,-1.3224064912271039,-0.017443177365463747,-6.873873173368279
4.717820827209607,-4.021658393489985,-3.70840584848505,-1.2305557057509242,0.7651647551425356,0.9240778465951758,-4.693474977941939,0.25163383667060124,-0.8587024747107295,-4.229417208656688,64.29224263640087
4.624472949421111,-0.08384124883167665,4.540510272587223,-0.37320214330393586,-2.25944779312794,3.2468096592514915,-2.423171114887863,2.0904626172243272,3.2753789556687423,-4.4144907075602084,63.164566095711606
-2.4821770417463584,-0.2652822921943434,1.0617463445088005,-1.9862212583585794,0.5417800251579337,-1.5219079209780695,-0.37377043260683696,-3.9312307690525614,2.3361438056140207,-1.6576168130393922,-32.54072115540102
-0.02751494107614505,-3.267981300899848,-2.7135719449653726,2.476093801762511,1.5142038835186424,1.7801615255906356,3.6827250540838055,0.6731221962890359,2.6930489364133976,2.8489697711146755,44.899310538528994
-1.9912169018323036,-0.6614835076202699,1.7170068440585675,0.027203900924791746,3.297418037072017,0.6573196399579109,2.2716906976630806,-2.4343721629863624,-4.889687355713528,2.0768093474091573,-21.54214708510676
-2.151595056225324,-1.0149526560262654,1.1812824045789583,-2.677873048531827,-2.935787282393968,-2.3297172983057868,2.4270652119998104,4.629268752375799,-0.8384600182023849,2.886149646724064,-46.64004609326905
-4.6311305264546725,1.1585009805221649,-1.4183728196715952,3.995745732745684,-4.8900417134151954,3.78629986355158,-0.7450666555192464,-0.16454353280075296,-0.1865584836467633,0.17269056441609365,11.848979200008891
1.0956433397989684,1.3509365086764378,-3.86442407800371,-1.1610877862678857,-3.6311436993119273,2.974260216069281,-1.5406500745303706,3.059925497751582,-4.808077231769433,-0.5980100204450949,50.02746572410382
0.0267902322886151,-4.546959902279555,1.7157319559279962,0.43552861113988595,4.00018641848105,1.5845183465842547,-1.2896123701539732,0.5022654215626172,-2.401867912549658,-3.5254747329371607,3.466062747919933
-4.485212487500107,-1.2538738537352878,0.20307700903793346,4.06472110964547,3.7389007756251527,3.505817290942419,4.876495637360579,-4.565874671451809,2.6028982312213502,-1.7180724639068847,12.321200105170075
-2.2135353576338854,1.2585991571423634,2.723183917356393,1.242379959139921,0.9741310217030827,3.6729420095980245,-4.598908085875175,1.3315137559402235,-3.6289029427100097,-0.6598063382612471,0.31269273595408786
4.082658859666537,0.03136258580087681,0.20163501111993387,-3.831019592916359,1.005168604336534,2.083629767150348,3.670314961224486,4.51403342206657,0.353101314525917,-4.113995703203828,58.740557892382064
-2.604381093330276,3.564898411883222,3.5218150031854005,4.398321236134752,1.6503667454625548,3.3701332836367204,0.7867540857239339,1.0161182014633123,-2.847981279827625,-2.7938804728878877,-4.945660119737448
-3.551051279087769,1.5869363161894503,0.5190683877448556,1.2770805307141782,-3.246287213765504,1.974714616692836,-0.6138458081040952,3.191888594267901,-4.878792253561067,0.9822529406373883,-18.992238132965916
-0.10547239722436963,-3.370655729185703,0.6093797153538629,-1.6509438534291387,4.144119459249598,1.8014077176030039,2.252576604151365,3.8420646334840782,-2.587985424004585,2.3566311423918984,9.2564277428966
4.856504541106007,-4.294312525995702,3.7665360265834504,-3.607279273366127,-0.8122947510792686,1.1861137821518426,-0.13331058575297128,-2.7192022805106753,4.7587375491005375,4.983475113929497,53.72325621862613
-2.5794472848849956,1.4241927820631561,-0.9651713378760292,2.9402518927029595,-1.1686147175050254,2.527166395576412,3.7342323808166054,-2.8795516009177335,3.0153711188298953,4.331133313435577,31.620661218226843
1.721355474058786,-4.734886894583782,-3.6598477154935924,1.2007275592851352,0.18917705282837538,-3.413948947069263,4.007018640112586,1.1098098885099175,4.595766443210334,1.425651995351915,16.211356080709326
2.6161961532871754,0.8577558127346325,-4.71217323686661,0.33461091976321544,-4.53034033224945,3.8087075919892843,-0.7827907312654458,-0.8897153019329531,-0.12145956073637532,-0.7875194670592798,85.2554115933902
-2.6236245600760033,4.402302414249576,2.5513725567361902,3.938925830509577,-3.337166312439206,3.71843527745232,-2.231722027649484,3.398613028667203,-3.9026380132249647,1.3617736470823267,1.3128832584479224
2.2821634861185958,0.75474177875879,1.203095513534647,2.885972112245307,2.3803361642637046,-4.7075271696544085,0.9235032859336219,4.000231233980111,0.47959488973693,2.85651618080232,-28.766440073076133
-1.322168672807468,-1.118300737934781,2.0407976809922355,-3.4832512026724882,-4.172013320748736,3.258167505647627,4.12363345616691,-1.465786206972819,-0.4562266544003908,-3.816638090766127,9.100884759513743
1.3230583059357945,1.4328821844235318,-2.870358384910893,-1.8827793220445175,1.0315210946638818,-3.711301325265548,-2.893378109943334,-2.6312944102551796,3.44357082739616,-0.9009511030371176,5.4417389394879105
1.3352971076089473,-0.41747109508483327,-3.6362852441323024,-2.5151086018553426,-2.5465089031867905,-1.648811457408581,1.2296658356348278,2.805255152438618,-4.019174192157554,3.3980228563561727,4.289134511270868
0.357746840747585,0.4561678931593498,-4.8545533433211805,2.4394629257267697,-1.1070438595802345,2.4350825629160777,1.3156022009252055,-2.251939644518639,-0.11758862978221796,-1.1616704806695601,56.63199865458725
-4.097102299455917,4.414648087765251,-1.4941244119340302,-4.664675652642206,-2.1130626322930013,-3.392401039516918,2.33113022415281,3.2261431851367846,-3.4995133530601574,0.7187227122718651,-63.22152753716149
3.35302495589238,-1.1389736219922577,0.8991768685463306,0.698896848713165,-1.4432728353505087,3.179670241190621,-3.684323148727402,-0.7626174635123721,-1.7532407310994005,0.877693608621982,54.54599179737368
-1.7921993502826417,4.611905638239142,-1.077559549002677,2.6245868574069053,2.1904590518424545,3.32134177957742,2.1582496468208854,1.6754989929147044,2.3735707738779963,-3.155237468663606,38.36229385469779
-3.1348148960014575,4.053506419560637,-0.6252507797627089,3.7676563676174943,-2.0287828437682496,0.07467733760836204,4.090325206656409,-4.044646861653318,-0.23981870631233448,-1.3776455834771162,-16.10065852209332
-4.592248584452361,-3.0420886521070356,4.0415869449374835,-1.5791825128409256,0.6640464029689719,-4.936141282831664,-3.2031689112975803,1.2385932467657303,-1.2411171485423065,-1.6548871125806786,-105.07549441007632
0.9089294318824184,-4.3063869912483455,-1.5174453297669963,3.212573046720129,-0.23949597800900335,-2.129618668250872,-2.6245667507612236,-0.4823232126277084,-1.055237214299647,-4.738032914679352,-6.79639257879636
1.7756436184228246,-3.9922199862257335,0.1398948915981082,-3.8936826304479277,1.636711653626481,1.1692691837574216,4.713950940416396,0.8660846317547408,-0.4055323159401336,-4.758082361086448,29.27252315716557
-4.834121710721439,-4.8177817434845025,2.8365301274114305,3.4645229173451817,4.36829739324758,4.811861780274235,-3.1902304729051023,-3.319857922551366,2.850165438370569,3.3169704367577353,10.252067527070624
0.12093058299281001,-4.055570392440716,-1.0345721767872984,-3.725113376680176,2.325720972102503,1.3181352701666835,3.5438509336957917,2.368737449441821,3.9208468894023447,-2.2692919002718757,31.37710781656336
-2.7350422480206205,1.8300677341635687,1.2208670022787347,-1.0271270943963273,-2.850596214092432,-2.4019641893584023,-0.0772214355196521,3.627970775432285,4.553346865039282,0.18078766238815458,-29.860171479385507
1.4517279040944988,-4.28811351539771,3.6236370874674524,2.9729536577955358,-4.688168649387153,1.340057030996114,-2.5276892559682294,-2.8326019990922435,2.869033862552951,-2.0127442641122695,19.256703947488464
-3.2563357099500854,-1.8102436970623872,4.495206236576422,-3.500825726512262,-2.377359557001749,0.3998537971585545,3.7074990127251137,-4.042854444798383,-1.8459310425198727,4.406792451153406,-40.92940928120071
1.90937738102466,3.448753109694545,-3.5292651907096206,-2.7074860476735854,0.9507793070025485,2.798453951511436,-0.5469474499733451,-4.763614139536636,1.881347060865421,-2.4070324113422625,72.88663703361105
-1.132646536994626,-4.767280642641741,4.265876251614944,2.2225256839306624,-4.485741865157497,-3.9301936117304157,0.14817353929690213,1.4197150044326605,-0.6239687594460808,-0.7034318726106488,-60.9843623455178
4.367299887367345,3.1446848258893585,-0.07883706920461808,2.200365365460744,-0.03633752798763634,2.6102790250202803,-1.4076663060023433,1.0709403608878079,-2.4532937795394885,3.727302504846019,59.54815499169344
-3.6247905585400675,-2.1814522522660007,-2.4175561170104167,1.4114763288529728,0.9684284891688923,0.412665786761103,0.9295085143492745,0.4669741271407002,3.4087157942592263,3.4193356679180873,1.7213269419247188
-1.589336489497415,-3.8183517237834375,-0.40864243761738717,1.9394844446710007,-1.6575610918303916,4.629920038589946,-3.3647612741497723,-2.6805290388402456,-4.61573651037675,-3.1389858215372266,26.1127662775829
-3.8652647875941093,1.9673716536415062,4.800325752854771,0.42724443347596175,2.7091220374582194,-1.5812783396131391,-1.0891846334823931,-1.0909400409448535,4.017619921354235,3.0264330979571046,-54.13719509931117
4.246936182785628,1.2894284677988397,-0.07381906007130379,-2.4820094109304724,-3.934017468662282,1.326218931339481,4.694123223352875,0.9447633518617309,-0.38522535375265843,-0.41813113262107393,54.827012136445575
3.7733935338098092,3.7747201352705293,-1.712483897124918,-1.5430400649608056,-4.248622182641912,4.320281055100175,-2.4186656729887246,-0.032331411408305755,1.3720147680828045,-0.17031127914644806,87.21004012494943
-2.420583722848444,2.350710438038858,1.3340085431672577,-3.184022831985743,2.281887562036033,-3.9749027200932074,1.567366645412922,4.877855202148872,1.593539222057827,-3.6652002758405624,-60.89432419167058
1.59984046034179,3.034809303848485,-2.598543812218069,4.084505613336283,-0.04508683793801538,4.372284872364512,-1.748099357753051,-3.6356024744326687,3.951177407065364,-4.193984862428754,83.56883771133064
3.172222002012159,-2.179654274286935,-4.241366718913361,0.8339179476612042,1.8840239642773602,1.8788572230081337,2.7347312568660067,1.9514455404759374,1.3666968216720736,2.279393069737652,77.14046885101273
0.5520081159946235,-3.225604562202772,-3.7112027808935077,-0.9914858323636011,-0.6517266139625377,-4.321629408948281,-3.6912633928165017,-0.9568123189570787,1.1393358476006181,-0.03538847644700205,-7.379693728012414
0.29650578356006463,2.506147516408584,-3.719541610422276,-0.3799419635586734,-2.535979667608932,-1.9903643305318375,4.698210450785448,-0.7180038507438526,-4.333479594393101,-0.6314929738482045,-5.95132853097051
-2.581477090995483,3.0683473926726403,-3.4809730648770563,4.472833396118153,3.1910231767419965,2.081720886452816,-0.4621045861636075,2.175977656581763,0.18408021945204034,2.295082286523967,22.971773113101143
-4.068972321941008,4.905051420006734,-3.6117282735058986,-3.466485968839198,2.9941587896897923,-4.326493985312283,-2.6394953665353604,1.9243615132436966,-3.4983099918295837,2.6551289899110975,-63.274151154749326
3.972157579533267,-0.8738232308857352,1.4087474480321465,0.8622983201679721,1.946964708544268,0.8217046017627325,-4.265032526699874,4.912559937021882,2.3743376872148563,-3.4109183233064644,46.27940988099238
4.004180571633304,-1.279819142072168,-3.1811991560085517,0.05888678884466003,-2.2785486277003733,-1.5411694304704326,-3.302420949124593,-3.7160571054587477,0.12221920812674458,1.1022514947764126,35.829586573188735
1.3310145727326796,2.764129607419968,-1.543327166761368,1.1145423543464785,0.902306668690871,1.2091551776747709,0.1977394855601764,-3.958903506158337,1.8022777920835331,-3.6464591772231447,41.80817449871555
-1.609702089512993,-1.5919645974698216,3.967884099060118,-4.818898161791595,-1.3902610305997323,-4.542579661874871,-1.6299682356871372,2.2433881712874113,-4.583270993976157,2.5137508602904566,-84.40644109961787
-1.507904253873391,4.3075732560356474,-0.2603835973712769,3.7212390894415144,-4.084179266733658,3.715368061523762,3.2888336588260945,0.783869170064091,-4.152079839541968,1.5695515626713954,22.799716615904014
2.259556788702394,3.584127518430119,1.6755773852102713,4.321182824836123,4.173135754622429,4.734889691773969,-0.6911247633819411,-2.2583933344019416,2.163233880626823,4.56614621083458,70.42389681829685
3.9711025995257714,-0.710059726249817,-3.2768012879837016,0.6513318358920897,-3.631813690810386,4.688778552856915,-2.512857274123701,-4.205806310110134,-4.279156640013266,-4.310419836435788,90.40876933698628
3.870864242651173,2.5087106779149737,-3.0771098119132922,1.9665082387689221,4.502373538208024,2.4965183174292473,1.1714498660403008,-4.143417504035694,-4.287432722347414,-4.429452788487457,54.87090090146279
2.798755458576238,2.5454287408468232,-4.591313837335211,4.224993811772958,-0.5399422704204424,-3.6991375986936803,2.067772168854458,3.9419087466411824,-4.8789152476511255,-2.1781292530679988,0.8442842846525802
