x1,x2,y
0.0647858189206968,0.26750732261179094,1
-0.8677992199471397,-0.36662583958407396,0
-0.5334963773699933,0.05877966040452528,1
0.3326552933242466,-0.1511002849546731,1
0.8560883705187621,-0.5708382242930505,0
-0.2610901383275755,-0.6214321280904566,1
0.21947799029724396,0.30313635888374335,1
-0.9134358096482189,-0.07156724849732538,0
1.0052224702735353,-0.5075546382634759,0
-1.0233222806067057,-0.053101357239103995,0
-0.10924066415947947,-0.3916100802425247,1
-0.21153851016491387,-0.17921927357394024,1
-0.764699633775566,0.6799575686592302,0
-0.5668017665230941,-0.8569048485728399,0
-0.5841553214470209,-0.1506643602627085,1
0.7191530228356694,0.582448090902793,0
-0.40050538975068517,-0.8603547445383797,0
0.039135747631262575,0.8319987638390594,0
-0.35442023164191727,0.22571486736593693,1
0.3214504734285657,-0.8627090979562932,0
-0.3779473763739274,0.34796985662842467,1
0.7770985684032994,0.6178006663294189,0
0.28953341857738357,-0.5116111695583005,1
-0.6183259511746482,-0.7047891777542913,0
-0.3443991357786616,0.18382269813634883,1
-0.8924344087282546,0.23458800508977926,0
1.0908974275550853,-0.353181497623517,0
-1.0783774256821748,0.004473967231855169,0
-0.32998863291952324,0.3032540234946133,1
0.9781604228871477,0.3407365101133891,0
0.025684042065063792,-1.0278739098594825,0
0.17219735244469264,0.4010353267139152,1
-0.24159696375834597,0.29510575377219217,1
-0.8619995102922605,-0.07781705066923658,0
-0.43158080205701754,-0.03902545684161274,1
-0.4767318166963889,-0.8610241175763311,0
0.17009039967934061,-0.9778827943625823,0
-0.8686073104639188,0.4065087565409455,0
0.08213057367484553,-0.33069519548697157,1
-0.1803966201785906,0.49648648112447386,1
-1.03997887278791,-0.5175617746280028,0
0.4797585534472237,-0.9248135759550729,0
0.4510475378419623,-0.8814961120175255,0
-0.9959578377685911,0.3927063844508319,0
-0.3584651456233038,0.9925652760203795,0
-0.41484092552573953,0.1446632596540429,1
-0.2887999836818511,-1.032051883568986,0
0.12972945195259553,-0.41192893175163914,1
-0.04272641456722994,0.9783491003918298,0
0.21840587749922,1.0520815190207766,0
0.46131026396103253,0.14538682120892085,1
-0.7534780283689225,-0.6370874116880754,0
0.9314643122896612,0.018694711253257515,0
-0.25089106343671264,0.43484876781406234,1
-1.164001011267041,0.32452687380109596,0
0.3430762012514676,0.9849244109379868,0
-0.7503747010280581,-0.5239065607201275,0
0.5457638387327102,-0.07967340164070605,1
-0.390711745732343,1.0618896310567196,0
-0.24126837976227958,-0.5514642097099797,1
-0.35188396411628664,-0.007194395822086863,1
0.08607128051088232,0.4923998720524849,1
-0.09131979980285809,-0.23908826031663044,1
0.7949120950061525,0.4848968961443621,0
0.5021621227288913,-0.10961385098746303,1
0.48470294897384125,0.08221864067150556,1
0.5054282230212626,0.22011772822487763,1
0.428260426542204,1.0641583997818698,0
-0.9941792019800735,-0.29908890540266325,0
-0.7030421428639583,0.6279471346579256,0
0.04699917539048791,0.4632487386873661,1
-0.1288826777842884,0.8521350979120424,0
0.8970431002407936,0.09406026662733649,0
-0.5706552978734178,0.2320619068475889,1
-0.8660534861419589,0.6029111928875538,0
-0.2959603310271537,-0.7576357895361403,0
0.6006539584086183,0.005226984245360521,1
0.3449418327372832,0.25329260826385896,1
-0.4239612729547176,0.27733229717140695,1
0.44418075877339,-0.07525088217352757,1
0.1402835779794659,-0.4604298439656953,1
-1.007234385458365,-0.5478033050133958,0
-0.8579052437201303,0.6786612027572929,0
-0.40308338079651096,-0.1985918278115362,1
-0.7773560959781136,-0.4335461062938074,0
-0.36697774274749173,-0.20881833374179426,1
-0.5357189952054746,0.16281300220194247,1
-0.89358889945925,0.08821182094053247,0
0.4806945625351386,-0.4478250787084859,1
-0.8419691260644211,0.6802556325184577,0
-1.0984318222771388,-0.0730380312825573,0
-0.9319553006354697,-0.29068362289816074,0
0.35703070840519496,-0.817327010825158,0
0.34062751026065385,0.35953245852597415,1
-0.7606990365804984,0.48588574764784465,0
0.37112625040590314,-0.1261466429099742,1
0.2410753550956046,0.3339055421301311,1
-0.18055260281522395,-0.4155594519838272,1
0.8867873975876213,0.33418702755541657,0
0.6005797335982227,-0.5289899962488596,0
-0.5635918662792553,0.7183910173583195,0
0.9177705291860502,0.0731793654158442,0
0.9578606115101496,-0.18617637635735118,0
-0.25554749548361855,0.06990491767071247,1
-0.32566985608651555,-1.050675108523672,0
0.37592737679781296,0.21818156921456516,1
-0.08446881075015467,1.0693037748704142,0
0.649983233431883,-0.6745024738495823,0
-0.29221961926722406,0.19562049847496316,1
0.6415258683529798,-0.837838775618893,0
-0.13030520716857208,0.9790871190913175,0
-0.5599875850277374,0.7468813529539274,0
-1.090113792898259,-0.22937619427060693,0
0.9270798564717416,-0.6600155451508714,0
0.4463089368715583,-0.084979054336651,1
-0.1729889517371656,-0.3877231278269958,1
0.07828788449265506,-0.5128163812122384,1
-0.8122493075634356,-0.07224252878639562,0
-0.01537901126638749,-0.424027158492145,1
-0.17959077793555944,0.40987585136597554,1
0.009036933611445978,-0.4979051411388896,1
0.32907217236286546,0.2052496149371851,1
0.46773016155278935,-0.9931911180433955,0
-0.9036677021666342,-0.013133463033824969,0
-0.875750883704076,0.5290787398919882,0
-0.25530789508863777,0.9680684211849565,0
0.12860736436276615,0.44710796070277187,1
-0.4446137646329309,-0.16708657849934438,1
0.28460904970724576,-1.1471791750234075,0
0.49008886404963753,0.1425071930647558,1
0.29834056029063977,-0.3924969886702361,1
-0.054356620071216166,1.0226708265918107,0
-0.8071843885219768,-0.3969261128295125,0
-0.10446898317524736,0.8541854506117033,0
0.12995539662459,-0.3357447001259132,1
0.9831656335671877,-0.13738097297341842,0
-0.559513453748358,0.7346003694364964,0
-0.31162864742349017,0.11734352839199041,1
-0.9357041888618347,-0.389034529052096,0
-0.9939869239339332,-0.3200976192393926,0
-0.07982721743026744,0.3122594351621436,1
-0.8091568029407887,0.0407641624592226,0
-0.0035570002543394708,0.5236031753616527,1
-0.18689221798602074,0.3805091381108457,1
0.31711423618317286,0.4019955329670466,1
-0.2089169911118035,0.4537176385236268,1
0.9369685555059413,-0.39664225661446867,0
-0.09260109258922973,-0.4630075648926514,1
-0.19198609617113277,0.5831231364613737,1
-0.2059741849179841,0.3878138959641811,1
0.9092606550985777,0.1423834332572649,0
-0.2831080227240651,1.1972061505811573,0
-0.1695878144393928,0.5425395998779723,1
1.1459986461150298,-0.06800939542837173,0
-0.03247306125406001,0.9549704260624364,0
0.35166018772545,0.39368825169294985,1
0.45222135495639637,-0.1710529216927157,1
0.20456044772114862,0.5816818589938229,1
-0.041725166343061934,-0.371563069080578,1
0.9093374717701388,0.3648412365276252,0
-0.4360203523829747,-0.9509761074353348,0
0.637293780023654,0.6838086699956901,0
-0.4619363197790538,0.30640147133009543,1
-0.3067680936484787,0.13928795278104122,1
0.25523368064577356,0.8586383566259628,0
-0.3493425026576652,0.3451577796275628,1
0.4795396675470258,0.8339859837656226,0
0.550149790341574,0.11317290419808548,1
0.8033118425247949,0.3619893606077719,0
0.32873116159343935,0.14246269634079609,1
-0.788805719636984,-0.5760241698197862,0
-0.27418372351643094,0.9890647061066643,0
-0.41405627890912994,-0.30718698999586164,1
-0.912096866628124,-0.13232932628061914,0
0.005799678017193111,1.1132517058560611,0
-0.014764584856079399,-0.29943332776145454,1
0.055076789144010416,-1.1035895997762912,0
0.156853829820337,0.47281141363654977,1
-0.6260453316828435,0.034870637100652274,1
-1.0155299523611914,-0.5481126746991846,0
-0.8420541576104361,0.5360682234462272,0
-0.06449371767671266,0.7862987643002024,0
-0.06399386104673131,1.0474916510071899,0
0.5823207100614283,0.8942684416629677,0
0.17241437958961311,0.970860662368994,0
0.5148891765135334,-0.2997254356639339,1
-0.9522620350767279,0.5784702646556626,0
0.02738530216249746,-0.34363325385468957,1
0.24010870826300607,0.33905024907146136,1
0.2412090925303466,-0.259479641547495,1
-0.3584126732217654,0.42950226206604847,1
-0.30889274907256126,0.8270568232108846,0
0.7159909033413892,0.8169089960998321,0
-0.5116794535567802,-0.1450876060744177,1
1.0167893144585647,0.463819154592656,0
-0.3779163932853242,0.14553130971942824,1
0.29702466207810674,-0.27464550622628453,1
-0.3553509540272549,-1.0302719061306906,0
-0.44905893556680476,-0.3367467384433275,1
-0.35745219840147463,0.3603724194500825,1
-0.010761314724229781,1.0528802514981028,0
-0.6012944027378743,-0.7048700438447467,0
-1.0038215340840415,-0.019625017629318044,0
-0.23823737453424626,-0.316884631532767,1
1.0643054833089696,0.09859448706129609,0
-0.16164724782838497,-0.45481723650656986,1
-0.37121698383306645,0.08085489515102462,1
-0.08861112214600211,0.3499615053124149,1
0.9450122757507894,-0.4812109700732694,0
0.24752957366670714,0.3792877788303322,1
-0.755207153469906,-0.7089344826998382,0
0.7860753735472099,0.645512351443366,0
0.9191283630238879,-0.6444580009627625,0
0.17534770611156053,-0.42322219368209346,1
0.16809063329543397,-0.38170244139360804,1
0.8863124472062937,0.6394541115381027,0
0.17002209994059192,0.272089532416654,1
-0.4407635800239357,-0.8623400097807576,0
0.30550009604767236,-0.15824689592203908,1
-0.3184330234241922,0.3971911214488718,1
-0.20911278757152418,0.4944038944337784,1
-0.4619296117595539,0.18044524630123876,1
0.4972547801705888,0.019737363651760417,1
0.2963881302040005,-0.8830811988120314,0
-0.7053822033076457,-0.0919106487303519,1
0.5934078536311629,0.661724342997761,0
-0.033311918780866395,-0.36285573312337605,1
0.389246153551843,-0.09796947867703704,1
-0.8662457059975299,0.5129576982795601,0
0.17375725015859422,-0.752360886573842,1
-0.948362196331554,-0.3582332109586002,0
-0.6373024519006549,0.7708105176719673,0
0.03484776068463169,-0.45747293138269746,1
0.32811911643193914,0.19195587966239963,1
0.13446196364448057,-1.0855301718319434,0
-0.44225878631842497,0.08629027063874431,1
0.4331057237715338,0.4522613563263553,1
0.0925602438572545,0.3326657158882763,1
0.3999755928085157,-0.04313848536099721,1
-0.5924722082170847,-0.9693348468605044,0
-0.41647057480776495,-0.35464254207469786,1
-0.19035659101707741,0.3733234088100488,1
-0.33165564797341324,-0.4832250687515706,1
0.07398573120368804,-0.27782034529589267,1
-0.31533289713088836,-0.14003963224977034,1
0.0030590624788393306,-0.4461388288409523,1
0.07127830910909999,1.2440710116768516,0
0.8248348658748434,-0.781823590164834,0
-0.5283837794092296,-0.3064507341116316,1
0.05381682816313256,-0.4014307668834195,1
0.1725315007163737,-0.2768306914567287,1
0.4138718512180871,0.0740409829153661,1
-0.38870383130120106,-0.12034714143183045,1
-0.9236835397372651,0.04840442819202736,0
-0.06187203711251664,0.3546670672415238,1
-0.2780142268989275,0.34186650734304214,1
0.10094879100014698,0.37122750711966357,1
0.4894829438852108,-1.0254182860302494,0
0.21950437249759253,0.47482762220923574,1
0.4952660166273958,-0.11166700806249762,1
-0.04440221451042238,-0.273136917879102,1
-0.6682190670170054,0.6056469681613602,0
0.3107593680227987,0.6390663658791567,0
0.8903096906051784,0.014990143908786113,0
-0.6942813489186586,0.9250966519221312,0
0.353681686124935,0.7469891864640689,0
-0.625645278099309,-0.8644274664171046,0
0.8206397814372006,0.37626604525591234,0
-0.9020282160823779,0.42762574715023377,0
-0.05873791080066146,-0.5367149150223164,1
-1.0920403645629069,-0.2224890095580866,0
-0.28880534788505247,0.15943053657963263,1
-0.11627475925855238,-0.38212458968129237,1
-0.11348192135001403,0.4521701277677298,1
-0.2712953384984696,-1.0197250886176374,0
0.6087736247176115,0.7572339443024055,0
0.3769257993895829,-0.04076087075389993,1
-0.08223499125070904,-0.9110770735011042,0
0.25688254365317187,0.4375981007078005,1
0.17532416817928598,0.6103361345071132,1
0.825356277694574,-0.7265366762851735,0
-0.023952751974091503,0.3630497165707255,1
0.3932963277911685,-0.18202143806356264,1
-0.4553240528132601,0.6955200393556776,0
0.5834067365814641,0.08737269426470715,1
0.3714234527807761,0.28887800983279566,1
0.46537200394260764,-0.07217525972798598,1
-0.6087236459236275,0.8016620356939416,0
-0.5275813654086663,-0.6811865732209315,0
-0.5155178941550842,-0.008976232136624511,1
-0.05952622516005438,-0.9521018760775035,0
-0.036463092308587006,-1.2249694813486112,0
-0.6280005536277876,0.7351002406581335,0
-0.6022882074153271,-0.6760518645856253,0
-0.9219770935689586,0.5627712052641296,0
-0.9668966347255343,-0.5926738309776616,0
0.33676855765819746,-0.34689498644128663,1
0.3941386301627657,-0.19171966436726773,1
0.9218042373230966,-0.08383707965311113,0
0.23910603477617992,-0.3767556819565735,1
-0.4939122440702892,0.8755274537942328,0
0.040555096798172485,0.48926542504947107,1
0.46223136594256825,0.10449334723446792,1
0.6871041656111067,-0.4583851164621253,0
-0.16708865781236443,0.10248910694902075,1
0.03350561362973717,0.3371515731952739,1
-0.38735134852944625,0.29347844129836453,1
-0.07855796948652899,-0.13023948233176208,1
0.23656912851172737,0.2564100014306287,1
-0.3330777166144254,-1.00146299807227,0
0.41729718127345583,0.31611472176180216,1
0.4471847165437175,0.22061431267263285,1
0.9341797574516012,0.1601658259768353,0
0.21374275259274791,-0.4827209467531949,1
0.29150836040939265,-0.8872214566706089,0
0.33425403787420366,0.10715314586340186,1
1.2274961773557242,-0.12059154167187625,0
-0.14802936614909462,0.9948941338327884,0
0.8189844071743808,-0.4271323130895958,0
0.18664135014611927,-0.48045377744356316,1
-0.3695798367830671,0.21407878224478744,1
0.3689430768265921,0.2380316311459998,1
-0.3213824284036851,-0.30152224679603307,1
-0.10538032243912306,-0.42496733841873247,1
-0.7912946072317462,-0.6907790203116786,0
-0.30005913345623936,-0.2626287661569423,1
-0.031861741918228395,0.3591084963445145,1
-0.31615181471246134,0.9149780384458512,0
0.19949975865438713,-0.39350284984777495,1
-0.8112582146449292,0.7574725583313981,0
0.028164536852080133,-1.1049665439007421,0
0.22561872356649293,-0.5407301146772189,1
-0.36489979247666393,0.3927421955724498,1
-0.8664164330623086,-0.5549586955779466,0
-0.3646779243300684,0.1822635271406664,1
-0.4022396119814679,-0.18226089413449004,1
0.07572330613044827,-0.3670082817300627,1
0.14131989326361083,0.5240924031658398,1
0.9225357926132168,-0.40739190210238335,0
-0.2069860603695649,0.42187602605206925,1
0.342676614208138,0.14187875563280683,1
0.5031673024922249,-0.16868429087826464,1
0.39041989444732944,0.16912554506592223,1
0.4266730666274272,-0.3182783835135251,1
-0.9920306095860595,-0.40272276370066584,0
0.022060280022463748,0.3692133773551639,1
-0.20708618105639942,-0.912673280474591,0
1.0393625898572831,-0.03234705563791063,0
-0.4489743889172813,-0.363469312240669,1
-0.20360953678012939,-0.3914801414761076,1
0.5083049252823472,0.09657320159414082,1
-0.4637609716217098,0.450594847918119,1
0.3057790270750492,0.17111821838551033,1
0.8319648260432192,0.3576813421870829,0
0.34390334913703097,0.4619129879742611,1
0.07576545528574333,1.0975210296015674,0
0.8690695698040902,0.10886007256219138,0
-0.5407566217527381,-0.8782609000201784,0
-0.04731732218180361,-1.017450006901203,0
-0.7674491620517979,0.16075324138460362,0
0.3607732054333423,0.1806514645862375,1
-0.8250787263534307,0.3518415880842262,0
-0.7587363444001007,0.383365325363101,0
-0.37857571055517675,-0.3360255688739676,1
0.10805984568049538,-1.1747663396069201,0
-0.23752062668914284,-1.0253914831055815,0
0.9136042699381575,0.5172390758411888,0
-0.3832735523799558,-0.2233692854347378,1
0.07812000727531242,-1.0111558498176567,0
-0.9290119456943631,-0.23753134569369017,0
0.23966286428080275,0.981329112549528,0
0.8588832183554369,0.5762818636193525,0
0.8120280714673632,0.22285813748381625,0
-0.0873108757700829,-0.4615737520226677,1
-0.6257058502983468,-0.7942878991454222,0
-0.5780407706922008,0.21901298969542438,1
0.8390992881465307,-0.6149385921597169,0
-0.2350036864104882,0.2979689586808237,1
-0.620074821923777,-0.8293063140023366,0
0.05428386359495371,-0.49448884407522503,1
0.6006806436787147,0.7427471207016186,0
-0.4890608189989842,0.0727155811221345,1
-0.16856706747550293,-1.0496558429278229,0
0.8310505622718228,-0.549661083863481,0
0.38535236222067404,0.24257222907124495,1
-0.4563316304637376,-0.1265893632318717,1
-0.01303644692634015,0.7089489177930888,0
0.41202161068633586,-1.0916285905505998,0
0.4729828917403289,-0.23477297214232123,1
0.005881475771833844,0.4136077969588144,1
0.09367531604493727,1.0837572982997,0
-0.2064179638116777,-0.46831341030256846,1
-0.27858564882051867,-0.4806315074213041,1
0.57084082379576,0.9214814768616735,0
0.6917537013506653,0.7796359909933862,0
1.1732411751799259,-0.11975188975701179,0
-0.8429369884304774,0.32887772067181803,0
0.902069706684005,-0.575155082634339,0
-0.25465458450917405,-0.5304005616865404,1
0.13449416049008112,-0.47031431413136576,1
0.16066250823802763,0.38667019378418005,1
-0.026445970336225134,-0.8426527719134931,0
0.02059850300194431,0.8040741865301353,0
0.9741759628676714,0.07952460630466857,0
-0.5895292398643788,-0.9456345947406221,0
0.17003840756790095,1.0483882358448708,0
-0.38680801366885703,0.2806678355508423,1
0.5630335039620717,0.4270870127303196,0
0.37530484655690355,0.07326754163326088,1
0.6879401214676111,0.7355619480961547,0
0.06416718983107042,0.43679571907720466,1
-0.6330443303272878,-0.6994907467908684,0
0.21144658172981234,0.38864058464884704,1
1.1380910536680167,0.21219576895041412,0
0.667518425611772,-0.7382940525962349,0
1.0142607765870275,0.37716571657035886,0
0.31147613662372675,0.47729831300927483,1
-0.40403973571637397,-0.14324385169165266,1
0.7282192530423728,-0.6698948797298085,0
-0.054619959394401646,-0.3796940133866512,1
0.10001291846269064,-0.4628145925745403,1
0.49162876838999225,-1.0693757155317654,0
-0.6775610077095227,-0.9476822778361071,0
-0.46061833661020624,0.8417434369859403,0
-0.9730269572925463,0.21124640592013824,0
-0.3482427373008952,-0.28109129917946396,1
0.8641742686161508,0.26337985407251,0
0.35062379572574914,-0.24367434908470234,1
-0.8390644438815128,0.5204214331956414,0
0.5099635202092578,0.8906961611837824,0
-0.710044234554958,-0.6503900295274909,0
1.0307532479049153,0.2436555925024218,0
0.17803211897169752,-0.5047478085663587,1
0.4025925292296293,0.32186663210629185,1
0.22639993181054915,-0.39898800805114576,1
-0.892485755751943,0.15350880294186323,0
0.4923399508329069,0.31532261825304675,1
0.3223463079086163,0.007437529035517476,1
-0.3166962563239647,0.38146449780267355,1
-0.07667393753070978,0.9209551788767303,0
0.018585122123583264,-0.4740937764258771,1
-0.44372184940963405,0.07475710077583803,1
0.06362519782382146,-0.4329946702666283,1
-0.42797368989582596,-0.03887469971168919,1
0.291721747152971,-0.12823491144189755,1
-0.08192563984202283,0.5694648207676531,1
0.7689043648338647,0.6185774351050498,0
0.47161260358131124,-0.3202490889169103,1
0.2393694208760912,0.40659701559374206,1
-0.7211464533739436,0.7804172067078435,0
-0.13174006614862882,0.4637886034896427,1
0.5545093396160891,0.736167825979298,0
-0.4142852050518627,-0.2496915554117583,1
0.6682160421469248,-0.06782106512664543,1
0.7515081415147425,-0.45442545738844575,0
0.5450990567378142,-0.8154974041166563,0
0.40650733648631165,-0.22351593916943613,1
-0.1849902823871138,-0.2979186627577849,1
-0.8767361530139569,-0.16566521502497572,0
-0.8721083692288821,0.41143353021514084,0
-0.7067926810362504,0.03573309961008158,1
-0.5705540372068061,0.03655699047224064,1
-0.0072821199700990324,-1.0588398882178005,0
-0.00622435081934497,-1.1015434015929209,0
0.25954671523986517,0.5676451401012734,1
0.8130586809597156,-0.2954138267389494,0
0.31965738812846767,0.10255902379878683,1
0.07167014711319125,-0.43845119260058274,1
-0.7768793933414905,-0.6739309923004103,0
-0.6288534338957933,-0.5697487839395011,0
-0.5582380395890173,-0.8585560919800419,0
-0.4042516011033276,0.0421591088204087,1
0.7336689325521686,0.5860394308533432,0
1.1408747888948452,0.6252193398633974,0
1.121293737393159,-0.22680964503693435,0
-0.6141132186088099,0.8204398155653245,0
-0.10383450564455948,-0.30744533896547177,1
0.4181812760311926,-0.06912270522073996,1
-0.16712390150196316,0.9723869554575215,0
0.41171544760220263,0.0025906231867964813,1
-0.7331025405551262,-0.812951907510966,0
0.5781795337137864,-0.807341600327689,0
0.7048122335560597,-0.6409489036152488,0
0.9007752957873107,0.5351948174154074,0
-1.143729790555526,0.39454390051804866,0
-0.2814944701359273,0.205536704488129,1
-0.26027320635459894,-0.16423407567511944,1
-0.27878339049384426,-0.33072897571393484,1
0.6171131071320157,-0.9720876817637236,0
0.20011439954061888,-0.3304421224401478,1
0.9411813924371318,0.5564937594148127,0
0.4462603167113358,-0.0022413952364657708,1
-0.4150264669449548,0.04841664899368924,1
0.29188001173203315,0.6742513153064462,0
0.35069628906650546,0.17074419214540693,1
-0.40611190206397363,0.05072315867279209,1
0.8384513555156005,-0.19305648277315418,0
0.47148113885301696,-0.0815069755931324,1
0.41792656066571765,-0.0010686599324309654,1
0.6186377669675114,-0.8707552300719644,0
-0.729783188499186,-0.42645547389942545,0
0.2909733832180341,-0.2987981096988711,1
0.4752775830350293,-0.282516087903394,1
0.5961770400354032,-0.9260722884398268,0
-0.19040954157172263,0.4415949587635138,1
0.08677970173600134,0.44509444890349964,1
0.5602201829563557,-0.7606742182947042,0
-0.3618305553316059,-0.35747379277395686,1
-0.6301311686140785,-0.8015748099552561,0
0.666029638125751,-0.9028997535959343,0
-0.4113984932541081,0.9301037333669935,0
0.6666602873068994,-0.898722245031523,0
1.039028355732712,-0.21899258871217464,0
0.7584228980417979,0.5564770686609736,0
0.5007704532437862,0.8782852492447608,0
-0.5077165651238508,-1.0324571623522303,0
0.8821860493749926,-0.5011273330743062,0
0.775834289146466,-0.29542941650427573,0
0.23035609124453846,0.342764061914297,1
-0.9579776667595141,-0.08099792513487383,0
-0.28270639943338305,-0.49504214740508323,1
0.4698206125986418,1.0887524865318157,0
-0.1425962588521751,0.3038889264471526,1
0.3686253483787042,-0.2671843181349068,1
0.49715161265582747,0.2773292695717291,1
-0.39256153917005754,0.4047689566618736,1
-0.00514469192364711,-0.4539470812914291,1
-0.8392687391621215,0.4671989434959276,0
-0.35751743633815614,-0.1663959384916388,1
0.5206745849776251,-0.7647354123562877,0
0.3529434671215936,-0.20239222384278016,1
-0.9307983788012584,-0.2337589603761125,0
-0.8673656195048282,0.5769075226284746,0
0.8782061323469474,-0.5019549610664656,0
-0.27595604756813585,-0.01767696382348327,1
0.10002680623736751,0.41347041049733285,1
0.0013682036201670134,-0.45684455726400164,1
0.9425450548369251,-0.38737944203587155,0
-0.17865929388648683,0.05090152919677092,1
-0.07983477086687558,-0.5510444703492741,1
0.2335456145496148,0.42258394287226425,1
-1.0567398672109194,-0.0231628750819571,0
-0.2687092815346253,0.32408728590317815,1
-0.4887960772396582,-0.1694368478119088,1
0.3441501764964829,-0.23255143379792137,1
1.0006203759076766,-0.23527743963617131,0
0.6554808066790304,0.813773716749788,0
0.025422055824684056,-0.4513343720824995,1
0.17233560927170216,0.3979424658594441,1
-0.49173604219198463,0.3002907766975466,1
0.3719979889097995,0.4409901400474872,1
-0.25722527354582664,0.39203928103877883,1
-0.055948909172686356,0.2622651671327211,1
0.856715900801999,-0.45683588760362626,0
-0.18487210432224196,-0.41253926216952774,1
0.38317755421722727,-0.30433556715814003,1
0.8421247177239162,-0.08215574743187848,0
-0.21124210732946735,0.645171850497793,1
-0.9286108977874888,-0.5455046381713121,0
0.6188629082110139,-0.8322131769899817,0
-0.4741169904331895,-0.2331347557642052,1
0.3207680647169662,0.30684906719231814,1
-0.3486511933736469,0.16878136312328607,1
-0.3630616909055059,0.9776583120206198,0
0.8511576955927298,0.39707528868966163,0
-0.0514415012927924,-1.0882975303257914,0
-0.18515659532272255,-1.0445343261864712,0
0.8743038004235092,0.5476543320020608,0
-1.0911957952618818,-0.1523380421351927,0
-0.44502792668721125,-0.22730920102297666,1
0.07983507969047166,-0.16236823907858616,1
0.8439924110501156,-0.8605837221849547,0
-0.10221456824403845,-0.3574005449843102,1
-0.665256796012725,0.18069212774366777,1
0.582054230913232,0.8483545741953072,0
-0.2640502775393777,-0.4428520297650677,1
0.34649485962878396,-0.009271477679113599,1
0.3110103161737021,-0.9608856204204858,0
0.7177034109708436,-0.5124836828769992,0
-0.3982664375841074,0.9399123907833313,0
-0.7688608359719674,0.6110712987693008,0
0.206917800971605,-0.5100876920613849,1
0.10910676662671512,-0.4110007132075099,1
1.0918090088652959,-0.16716065063606383,0
-0.4931525736279932,-0.12044175054088474,1
0.15198122864456434,0.44247504553098443,1
-0.01951407733069809,-0.9503860346036881,0
-0.04844488416341309,-0.8099962368366715,0
-0.31781157530907456,0.36052699028297475,1
-0.2951818231389277,-0.5193368265386629,1
0.14863478683363032,-0.9310710656273764,0
-0.44965568504398057,0.041368542522588245,1
-0.20367099589685428,0.962977999110517,0
0.13887544604507804,0.49734780980783744,1
0.31056163262952474,-0.09832378401940232,1
0.5199403775584529,0.8160851719877894,0
-0.37527296658835363,0.826178370064978,0
0.3535469299867532,-0.950486595142041,0
1.11217626497141,-0.13049681383089384,0
-0.509868792139553,-0.20376630567259238,1
-0.5233575940106011,-0.009019852633718451,1
0.4214585867318499,-0.23863116924094743,1
0.8067844252256395,0.7635773210236299,0
-0.3874584936086213,-0.39345113636970386,1
0.0005671610123577503,-1.0105956923281387,0
-0.7565840760433642,0.8011807108691124,0
0.2866658463623439,-0.5127102668138516,1
0.20048529507686638,-1.1009684759612923,0
0.5216273825388106,0.8590490862001593,0
-0.1054373251577476,0.2761523472584765,1
0.1875944902138959,0.3442240611405641,1
0.18694519994865028,-0.9544663492104729,0
-0.5334410863322719,-0.9347016502778218,0
-0.18171453879109295,0.9714152876120102,0
-0.523172238289685,0.15499556452942592,1
0.8520041474826586,-0.6792256999538363,0
0.03792983086713678,-0.41819243835761677,1
0.30254457787857036,0.9108308665908245,0
-1.0408639918032738,0.2929109677994258,0
-0.8368375767598568,0.19499455459177994,0
-0.6664698095985953,0.7382130291111321,0
0.28614039144611814,-0.2603982466384323,1
0.014268495932911643,-0.9215057255830265,0
-0.19779517144960104,0.6073756337089229,1
0.2447923520645815,0.8371473186633325,0
0.1789459817862603,-0.8627007414935882,0
0.11898845603228458,-0.6221200540662216,1
-0.5221348907339609,-0.11587090780773095,1
1.0916092170731233,0.17065215580105406,0
0.25858873890914663,-0.22994701725963612,1
0.928490228182438,-0.47568780811736877,0
-1.0910053011861278,0.039471017947520275,0
-0.47149072348158855,-0.040051042198875245,1
0.5386689333049455,-0.015567555131599433,1
0.2894105718947547,1.1769488043764564,0
-0.13466379194281825,-0.28467867254362444,1
0.26016030665038925,-0.4502522295506808,1
0.5137882657466208,0.7589901107947347,0
-0.5012297777238,-0.2372547754477761,1
-0.7470939914247916,-0.6563474961425523,0
-0.799375158801638,-0.49995261484636666,0
-0.724099036492282,0.6900603336544785,0
0.29116012946587855,-0.3524355431382523,1
-0.29893195174592835,0.7017077462173262,0
-0.34504172708262604,0.22904013013609026,1
-0.200171451115823,0.4652721696481715,1
0.5445208042663823,-0.12152230566192596,1
0.44446521971464203,0.19569623716030965,1
0.1932962837049271,0.4748820161751184,1
-0.2761351247653156,0.5501855231593706,1
-1.0030935209777319,0.5605288529683305,0
-0.6728092315495016,0.7254584205948488,0
-0.14769710667419775,-1.105786591816132,0
0.9011977195797152,0.26020252853304965,0
1.0006546611880744,-0.26480237391706296,0
0.11861849681798274,-0.5243864620159541,1
0.49211398161783604,0.9147040118895221,0
0.2592534437465058,0.3213005008144214,1
0.7920520113712054,0.5449235539418031,0
0.8164903537219043,-0.6853140917153318,0
0.42978922535777464,0.187296636778986,1
0.9999234222800824,-0.2971143719704753,0
-0.44566823140359435,-0.2859611609108571,1
-0.5672685338316283,0.1193423572271997,1
1.104438720996991,-0.3724055751867362,0
0.8090145332154525,0.9481441421209351,0
-0.8081692580406219,-0.48355637902883986,0
-0.37701565290747824,-0.011549697983803398,1
-0.6666047124853359,-0.0022594664617952218,1
0.6154528608675431,-0.6930700750790838,0
-0.11346670270138043,-0.4716228805794493,1
0.41943981805950104,0.21848584684523795,1
0.2999854132438139,0.39086712571880056,1
-0.47625527128300643,0.8605569383138414,0
-1.0389952692424294,-0.35924558552851726,0
-0.9226101745053982,-0.2501365648429125,0
0.48899385690414393,0.7407776338678521,0
-0.4497128106321658,-0.06244689919297884,1
0.2881041224699554,0.23619699051273835,1
-0.24669164105663027,0.48232090919808585,1
0.8795395218141677,0.06932019579163234,0
0.2523402701738137,0.14963465633660827,1
0.10871338696665417,0.9710510864451735,0
0.08130860445115098,0.2645125196094288,1
0.42425577639821666,-0.2798704835126088,1
0.33725307947797456,0.23603065356328085,1
-0.8211250872339537,-0.8140945174773456,0
0.4334924549528698,-0.23637333081583684,1
-0.27220921493320477,-1.0666696954672554,0
-0.49733926031919445,0.05186261873086831,1
-0.16221444955049075,-1.100842578381806,0
-0.9291016184723289,0.31711482401510716,0
-0.4253893868710929,-0.22552179919137216,1
-0.29999277894547294,0.87763255798403,0
-0.17132030709648755,-0.580540590776206,1
-0.561638138015766,-0.8931511347093863,0
0.3275615291997638,0.36634125543762186,1
0.6329840329121803,0.2522562128855985,1
0.003932298545131479,0.4669549534433799,1
-0.11511972860617994,0.3735674065164349,1
0.44328561368301816,0.22360854254509407,1
0.3886027877109209,0.20493105397521552,1
0.19175259694757885,0.5582510374944498,1
0.29264503035346784,0.25894170672252714,1
-0.9519541197365899,-0.016299523753711936,0
-0.7970892519240503,-0.550242206769644,0
0.4089806386676812,-0.1249254519027981,1
-0.7631487274947553,-0.6922836425294162,0
0.5194907595532816,-0.0488574172760843,1
0.034067239243327385,1.0338927687236958,0
0.23920786154192897,-1.0658395858752825,0
0.33414360611093696,0.865920853595612,0
-0.42884838268331216,-0.1427819173543589,1
-0.6065789460601573,-0.3160597587399694,1
0.05940352069264226,0.874471246069647,0
-0.8464798990795129,0.38343608438602883,0
0.016577412698739857,1.028008662671593,0
-0.7935245012082985,-0.10315510273523203,0
0.7883788059917362,0.5394967552472165,0
0.6370098332174702,0.36343247443029925,0
-0.7894968466313601,0.41296250180690713,0
-0.9022718087197624,0.5322995632299434,0
0.17942243369274813,-0.4689091881205111,1
0.02309111192771909,0.4179738336863924,1
-0.09063497920138158,0.3881033250572544,1
-0.9748903626045664,-0.2618895233082787,0
0.8952478353883354,-0.12021957277949023,0
0.042931432833298616,-0.5269669630850166,1
-1.04704880915436,-0.14662758188404415,0
-0.400575731000775,-0.16168592416980127,1
-0.403318865826246,0.2031180459802176,1
-0.3299775278103322,0.9703388007694103,0
0.861756387577156,-0.5462325856514267,0
0.34976404359848,0.4702421005114872,1
-0.9387979590703415,0.397467518766956,0
1.058919050032364,0.13183453672123208,0
1.1403648318915254,-0.001720740503347941,0
-0.10950316624912868,-0.458299028394996,1
0.05264375313186677,0.4887102762560951,1
0.5009318965196174,-0.7658581899111558,0
0.194197147076818,0.28163556769097686,1
0.44634833756459935,0.9200027512234945,0
0.5699468596824658,-0.03312507465269788,1
1.0557878532763807,0.18662863431023208,0
0.9276675543243462,0.6647429913706906,0
-0.4267188801810529,-0.11969668554178776,1
-0.3999654872969648,0.4900182071564265,1
-0.5770010017751812,0.036094111724921024,1
-0.32988956640010614,-0.8200118393210557,0
0.09846235687078903,-0.37178242575377674,1
0.5076358328286181,0.33850879903733344,1
-0.9995600554664098,0.04087975910004542,0
-0.45248614912433965,-0.9611772331372445,0
-0.9881327777104714,0.5466576178841426,0
-0.031972153887906946,-0.45486136726257714,1
0.07347795684507394,-0.958983021897292,0
0.7616177883754915,-0.6191854996545372,0
-0.8232611518397144,-0.47505683850017505,0
-0.11200367511198905,-0.7508664020208533,0
-0.937928765365562,0.30958509955337415,0
0.5047210404949953,0.8432339434450926,0
0.4268737709266068,-0.1733187278304633,1
0.17361345724100952,0.4360003502565239,1
-0.5340427706444056,-0.24202749683764546,1
0.9086753257847787,0.12299640394234256,0
0.5766861587500007,-0.9038076307311972,0
0.730986680068918,-0.17893405448487165,1
-0.05563220482887389,-0.45809741122923836,1
0.12774441201801878,-0.9096204283301987,0
0.02477771396232052,-0.5702036933692374,1
0.4719899274683553,0.3902962876638485,1
0.7726812507938697,0.8294140995481529,0
-0.5553962662658943,0.93239483095421,0
-0.47051364444860533,0.04004114578457177,1
0.9186257048659331,0.08576983423191391,0
-0.41072760401536873,-0.14762290047878251,1
0.3668876724403658,-0.40488672503812584,1
0.27300448166152386,-0.20988729388823352,1
-0.6672406553765033,0.9200705348295232,0
0.5566349934443195,0.22885603896579398,1
-0.3843440675102905,-0.5053316158849216,1
0.9645968062406257,-0.2775819800954407,0
0.20464817510238736,0.9765152331722003,0
0.09686574941051052,1.0756451017068676,0
-0.1729495691393273,-0.3737036936190684,1
-0.1360074022219559,0.23024864344036175,1
-0.39030965536796136,0.2968910745017519,1
0.2592855048618387,-1.0291080609689822,0
-1.0727788071555127,-0.3978047529812797,0
-0.18245215436123713,-0.3730384861298565,1
-0.172664081171972,-0.994138884574641,0
0.44848811333592764,-0.381863328835962,1
-0.0824045504668834,0.32532115048286797,1
0.09149571670311024,-0.35257094521528004,1
-0.5184151397090149,0.26047771601023056,1
0.9358470329426523,0.8449920018537338,0
0.6147121003935094,-0.6095770817134338,0
0.42646720175172037,0.8539595252499677,0
0.4747078885569011,0.032291660713599596,1
0.09818658537744424,0.5346886501355959,1
